station_id,product_id,load
1,1,961.0
1,2,1520.0
1,3,53.0
1,4,1305.0
1,5,880.0
1,6,530.0
1,7,1383.0
1,8,1754.0
1,9,383.0
1,10,393.0
1,11,1154.0
1,12,1105.0
1,13,1159.0
1,14,1434.0
1,15,1078.0
1,16,440.0
1,17,573.0
1,18,1434.0
1,19,1837.0
1,20,431.0
1,21,500.0
1,22,1244.0
1,23,714.0
1,24,1103.0
1,25,892.0
1,26,782.0
1,27,1815.0
1,28,1558.0
1,29,1071.0
1,30,451.0
1,31,1666.0
1,32,1203.0
1,33,1710.0
1,34,116.0
1,35,343.0
1,36,10.0
1,37,1824.0
1,38,1432.0
1,39,906.0
1,40,125.0
1,41,1360.0
1,42,191.0
1,43,307.0
1,44,915.0
1,45,1068.0
1,46,754.0
1,47,78.0
1,48,1685.0
1,49,1906.0
1,50,67.0
1,51,925.0
1,52,1018.0
1,53,202.0
1,54,126.0
1,55,354.0
1,56,70.0
1,57,943.0
1,58,974.0
1,59,1778.0
1,60,348.0
1,61,446.0
1,62,756.0
1,63,1602.0
1,64,1720.0
1,65,1785.0
1,66,206.0
1,67,1785.0
1,68,1952.0
1,69,1184.0
1,70,1625.0
1,71,1412.0
1,72,1624.0
1,73,1223.0
1,74,478.0
1,75,229.0
1,76,1305.0
1,77,931.0
1,78,1471.0
1,79,654.0
1,80,754.0
1,81,77.0
1,82,1113.0
1,83,610.0
1,84,833.0
1,85,380.0
1,86,1184.0
1,87,925.0
1,88,240.0
1,89,1071.0
1,90,1046.0
1,91,1030.0
1,92,283.0
1,93,1357.0
1,94,1775.0
1,95,1525.0
1,96,966.0
1,97,1225.0
1,98,1484.0
1,99,700.0
1,100,467.0
2,1,1422.0
2,2,1932.0
2,3,1015.0
2,4,480.0
2,5,180.0
2,6,465.0
2,7,969.0
2,8,234.0
2,9,887.0
2,10,1490.0
2,11,1344.0
2,12,1330.0
2,13,894.0
2,14,1150.0
2,15,318.0
2,16,1790.0
2,17,689.0
2,18,1302.0
2,19,803.0
2,20,5.0
2,21,596.0
2,22,98.0
2,23,1769.0
2,24,408.0
2,25,23.0
2,26,1243.0
2,27,785.0
2,28,533.0
2,29,1774.0
2,30,1348.0
2,31,115.0
2,32,76.0
2,33,1722.0
2,34,1910.0
2,35,1442.0
2,36,302.0
2,37,621.0
2,38,971.0
2,39,241.0
2,40,1959.0
2,41,526.0
2,42,881.0
2,43,732.0
2,44,1275.0
2,45,1847.0
2,46,157.0
2,47,862.0
2,48,1389.0
2,49,1469.0
2,50,312.0
2,51,1050.0
2,52,1177.0
2,53,1333.0
2,54,491.0
2,55,1192.0
2,56,1511.0
2,57,1860.0
2,58,1235.0
2,59,171.0
2,60,1899.0
2,61,1742.0
2,62,1012.0
2,63,1718.0
2,64,603.0
2,65,1883.0
2,66,204.0
2,67,1086.0
2,68,497.0
2,69,1809.0
2,70,131.0
2,71,800.0
2,72,1840.0
2,73,692.0
2,74,1108.0
2,75,1343.0
2,76,589.0
2,77,682.0
2,78,13.0
2,79,916.0
2,80,1170.0
2,81,1685.0
2,82,1670.0
2,83,667.0
2,84,545.0
2,85,1553.0
2,86,1515.0
2,87,1649.0
2,88,1664.0
2,89,639.0
2,90,808.0
2,91,934.0
2,92,1009.0
2,93,1141.0
2,94,459.0
2,95,1417.0
2,96,442.0
2,97,1035.0
2,98,1687.0
2,99,1780.0
2,100,1384.0
3,1,614.0
3,2,698.0
3,3,1121.0
3,4,1574.0
3,5,1510.0
3,6,1202.0
3,7,15.0
3,8,1192.0
3,9,112.0
3,10,1102.0
3,11,909.0
3,12,1384.0
3,13,1140.0
3,14,1794.0
3,15,1112.0
3,16,1149.0
3,17,226.0
3,18,615.0
3,19,1789.0
3,20,354.0
3,21,1038.0
3,22,380.0
3,23,1101.0
3,24,944.0
3,25,1853.0
3,26,642.0
3,27,866.0
3,28,662.0
3,29,610.0
3,30,1343.0
3,31,939.0
3,32,1333.0
3,33,1419.0
3,34,399.0
3,35,1485.0
3,36,760.0
3,37,153.0
3,38,1587.0
3,39,934.0
3,40,1216.0
3,41,870.0
3,42,1542.0
3,43,1922.0
3,44,304.0
3,45,321.0
3,46,1536.0
3,47,662.0
3,48,63.0
3,49,673.0
3,50,628.0
3,51,1308.0
3,52,1084.0
3,53,910.0
3,54,206.0
3,55,1587.0
3,56,1793.0
3,57,1918.0
3,58,1688.0
3,59,786.0
3,60,641.0
3,61,834.0
3,62,1158.0
3,63,524.0
3,64,1253.0
3,65,1159.0
3,66,789.0
3,67,1413.0
3,68,404.0
3,69,1233.0
3,70,1824.0
3,71,1530.0
3,72,1859.0
3,73,1169.0
3,74,817.0
3,75,1726.0
3,76,1894.0
3,77,914.0
3,78,960.0
3,79,689.0
3,80,1183.0
3,81,826.0
3,82,1335.0
3,83,1230.0
3,84,375.0
3,85,4.0
3,86,791.0
3,87,871.0
3,88,761.0
3,89,1804.0
3,90,1176.0
3,91,740.0
3,92,1769.0
3,93,797.0
3,94,1081.0
3,95,1579.0
3,96,385.0
3,97,1613.0
3,98,1327.0
3,99,1685.0
3,100,453.0
4,1,933.0
4,2,1690.0
4,3,987.0
4,4,1412.0
4,5,1956.0
4,6,1377.0
4,7,550.0
4,8,1025.0
4,9,1483.0
4,10,1275.0
4,11,1119.0
4,12,11.0
4,13,318.0
4,14,1620.0
4,15,1253.0
4,16,241.0
4,17,261.0
4,18,927.0
4,19,1973.0
4,20,1923.0
4,21,783.0
4,22,1411.0
4,23,346.0
4,24,1692.0
4,25,190.0
4,26,23.0
4,27,1849.0
4,28,355.0
4,29,1905.0
4,30,715.0
4,31,1746.0
4,32,1695.0
4,33,482.0
4,34,1192.0
4,35,430.0
4,36,1400.0
4,37,994.0
4,38,1248.0
4,39,874.0
4,40,686.0
4,41,1744.0
4,42,460.0
4,43,1231.0
4,44,1606.0
4,45,1086.0
4,46,1130.0
4,47,467.0
4,48,1975.0
4,49,931.0
4,50,207.0
4,51,1156.0
4,52,1088.0
4,53,1092.0
4,54,695.0
4,55,1003.0
4,56,1109.0
4,57,1719.0
4,58,1184.0
4,59,270.0
4,60,120.0
4,61,644.0
4,62,696.0
4,63,1076.0
4,64,1331.0
4,65,496.0
4,66,1737.0
4,67,27.0
4,68,903.0
4,69,522.0
4,70,1845.0
4,71,149.0
4,72,1541.0
4,73,1452.0
4,74,1212.0
4,75,1605.0
4,76,639.0
4,77,788.0
4,78,1595.0
4,79,220.0
4,80,1942.0
4,81,1871.0
4,82,1056.0
4,83,442.0
4,84,1410.0
4,85,184.0
4,86,650.0
4,87,1876.0
4,88,858.0
4,89,1410.0
4,90,377.0
4,91,1484.0
4,92,409.0
4,93,1268.0
4,94,1052.0
4,95,872.0
4,96,1042.0
4,97,1430.0
4,98,231.0
4,99,363.0
4,100,1161.0
5,1,1753.0
5,2,196.0
5,3,824.0
5,4,1796.0
5,5,774.0
5,6,851.0
5,7,830.0
5,8,1750.0
5,9,1578.0
5,10,819.0
5,11,1292.0
5,12,1489.0
5,13,1851.0
5,14,494.0
5,15,771.0
5,16,367.0
5,17,1607.0
5,18,6.0
5,19,384.0
5,20,1545.0
5,21,1212.0
5,22,772.0
5,23,853.0
5,24,1232.0
5,25,475.0
5,26,109.0
5,27,1166.0
5,28,1071.0
5,29,1678.0
5,30,1345.0
5,31,525.0
5,32,783.0
5,33,632.0
5,34,287.0
5,35,1748.0
5,36,1594.0
5,37,1570.0
5,38,701.0
5,39,97.0
5,40,1910.0
5,41,1601.0
5,42,1735.0
5,43,1383.0
5,44,16.0
5,45,363.0
5,46,776.0
5,47,1501.0
5,48,1379.0
5,49,266.0
5,50,1736.0
5,51,419.0
5,52,738.0
5,53,646.0
5,54,276.0
5,55,129.0
5,56,1667.0
5,57,1629.0
5,58,394.0
5,59,1245.0
5,60,1794.0
5,61,806.0
5,62,1072.0
5,63,424.0
5,64,1033.0
5,65,1854.0
5,66,1442.0
5,67,117.0
5,68,291.0
5,69,1303.0
5,70,203.0
5,71,651.0
5,72,566.0
5,73,1018.0
5,74,550.0
5,75,1691.0
5,76,1284.0
5,77,1381.0
5,78,402.0
5,79,1311.0
5,80,1082.0
5,81,184.0
5,82,1468.0
5,83,153.0
5,84,408.0
5,85,1154.0
5,86,1883.0
5,87,1039.0
5,88,1052.0
5,89,1906.0
5,90,901.0
5,91,1307.0
5,92,485.0
5,93,1147.0
5,94,854.0
5,95,1391.0
5,96,795.0
5,97,335.0
5,98,1627.0
5,99,1075.0
5,100,1681.0
6,1,1854.0
6,2,788.0
6,3,37.0
6,4,577.0
6,5,666.0
6,6,748.0
6,7,623.0
6,8,750.0
6,9,1049.0
6,10,1669.0
6,11,342.0
6,12,1191.0
6,13,1910.0
6,14,621.0
6,15,1417.0
6,16,1214.0
6,17,1126.0
6,18,1041.0
6,19,520.0
6,20,143.0
6,21,554.0
6,22,257.0
6,23,1458.0
6,24,1940.0
6,25,1679.0
6,26,335.0
6,27,676.0
6,28,1946.0
6,29,1721.0
6,30,1189.0
6,31,145.0
6,32,425.0
6,33,1432.0
6,34,1657.0
6,35,1339.0
6,36,612.0
6,37,1239.0
6,38,495.0
6,39,700.0
6,40,1231.0
6,41,1236.0
6,42,1122.0
6,43,1842.0
6,44,546.0
6,45,523.0
6,46,1443.0
6,47,414.0
6,48,762.0
6,49,1206.0
6,50,1146.0
6,51,1058.0
6,52,352.0
6,53,931.0
6,54,1054.0
6,55,372.0
6,56,270.0
6,57,94.0
6,58,1484.0
6,59,956.0
6,60,1673.0
6,61,234.0
6,62,940.0
6,63,1545.0
6,64,341.0
6,65,1905.0
6,66,1118.0
6,67,1691.0
6,68,1048.0
6,69,315.0
6,70,1348.0
6,71,824.0
6,72,1508.0
6,73,1805.0
6,74,1473.0
6,75,33.0
6,76,634.0
6,77,490.0
6,78,1800.0
6,79,184.0
6,80,1490.0
6,81,768.0
6,82,1816.0
6,83,1719.0
6,84,151.0
6,85,643.0
6,86,586.0
6,87,150.0
6,88,636.0
6,89,1256.0
6,90,1746.0
6,91,1421.0
6,92,831.0
6,93,39.0
6,94,825.0
6,95,1361.0
6,96,1147.0
6,97,841.0
6,98,1717.0
6,99,406.0
6,100,233.0
7,1,631.0
7,2,797.0
7,3,730.0
7,4,319.0
7,5,1696.0
7,6,188.0
7,7,1461.0
7,8,454.0
7,9,1141.0
7,10,758.0
7,11,249.0
7,12,713.0
7,13,1744.0
7,14,923.0
7,15,306.0
7,16,1614.0
7,17,1837.0
7,18,1943.0
7,19,647.0
7,20,1714.0
7,21,1417.0
7,22,1147.0
7,23,603.0
7,24,605.0
7,25,328.0
7,26,1473.0
7,27,1060.0
7,28,552.0
7,29,834.0
7,30,1407.0
7,31,267.0
7,32,794.0
7,33,581.0
7,34,851.0
7,35,265.0
7,36,882.0
7,37,1816.0
7,38,493.0
7,39,1001.0
7,40,1095.0
7,41,1566.0
7,42,821.0
7,43,1887.0
7,44,141.0
7,45,413.0
7,46,1978.0
7,47,1710.0
7,48,381.0
7,49,1459.0
7,50,779.0
7,51,523.0
7,52,733.0
7,53,1571.0
7,54,1475.0
7,55,553.0
7,56,960.0
7,57,1182.0
7,58,1837.0
7,59,268.0
7,60,1812.0
7,61,224.0
7,62,848.0
7,63,1304.0
7,64,789.0
7,65,1487.0
7,66,1784.0
7,67,1277.0
7,68,534.0
7,69,1675.0
7,70,558.0
7,71,1395.0
7,72,77.0
7,73,1504.0
7,74,1382.0
7,75,776.0
7,76,498.0
7,77,609.0
7,78,575.0
7,79,1624.0
7,80,222.0
7,81,656.0
7,82,1993.0
7,83,686.0
7,84,1710.0
7,85,1049.0
7,86,1627.0
7,87,550.0
7,88,1103.0
7,89,853.0
7,90,146.0
7,91,1360.0
7,92,1754.0
7,93,1526.0
7,94,1441.0
7,95,42.0
7,96,119.0
7,97,1125.0
7,98,1552.0
7,99,109.0
7,100,612.0
8,1,962.0
8,2,1057.0
8,3,1175.0
8,4,572.0
8,5,921.0
8,6,98.0
8,7,861.0
8,8,1481.0
8,9,200.0
8,10,842.0
8,11,135.0
8,12,1972.0
8,13,189.0
8,14,653.0
8,15,900.0
8,16,735.0
8,17,811.0
8,18,1252.0
8,19,1235.0
8,20,1088.0
8,21,823.0
8,22,1765.0
8,23,617.0
8,24,90.0
8,25,636.0
8,26,336.0
8,27,1878.0
8,28,728.0
8,29,246.0
8,30,1502.0
8,31,1902.0
8,32,705.0
8,33,1329.0
8,34,197.0
8,35,519.0
8,36,762.0
8,37,1175.0
8,38,224.0
8,39,1851.0
8,40,220.0
8,41,1517.0
8,42,189.0
8,43,1935.0
8,44,1646.0
8,45,1938.0
8,46,1026.0
8,47,778.0
8,48,1964.0
8,49,434.0
8,50,1793.0
8,51,674.0
8,52,443.0
8,53,1386.0
8,54,1856.0
8,55,596.0
8,56,1848.0
8,57,1755.0
8,58,1299.0
8,59,977.0
8,60,1776.0
8,61,188.0
8,62,1970.0
8,63,671.0
8,64,908.0
8,65,654.0
8,66,655.0
8,67,1411.0
8,68,519.0
8,69,4.0
8,70,1965.0
8,71,1079.0
8,72,892.0
8,73,266.0
8,74,1693.0
8,75,90.0
8,76,89.0
8,77,1515.0
8,78,836.0
8,79,1749.0
8,80,838.0
8,81,1161.0
8,82,740.0
8,83,677.0
8,84,505.0
8,85,432.0
8,86,734.0
8,87,1516.0
8,88,1385.0
8,89,1266.0
8,90,895.0
8,91,1216.0
8,92,1633.0
8,93,1275.0
8,94,262.0
8,95,1518.0
8,96,447.0
8,97,1660.0
8,98,501.0
8,99,1810.0
8,100,321.0
9,1,1075.0
9,2,312.0
9,3,1912.0
9,4,1737.0
9,5,1023.0
9,6,1088.0
9,7,82.0
9,8,145.0
9,9,1758.0
9,10,1181.0
9,11,1081.0
9,12,56.0
9,13,1200.0
9,14,758.0
9,15,500.0
9,16,737.0
9,17,1710.0
9,18,1930.0
9,19,924.0
9,20,1418.0
9,21,1434.0
9,22,1704.0
9,23,267.0
9,24,1609.0
9,25,1025.0
9,26,1011.0
9,27,287.0
9,28,651.0
9,29,806.0
9,30,1177.0
9,31,1408.0
9,32,1570.0
9,33,1288.0
9,34,897.0
9,35,1028.0
9,36,1909.0
9,37,1700.0
9,38,1792.0
9,39,1336.0
9,40,224.0
9,41,272.0
9,42,1709.0
9,43,1226.0
9,44,129.0
9,45,258.0
9,46,1766.0
9,47,761.0
9,48,1914.0
9,49,1046.0
9,50,1165.0
9,51,2.0
9,52,1435.0
9,53,1041.0
9,54,1566.0
9,55,1863.0
9,56,473.0
9,57,1924.0
9,58,150.0
9,59,854.0
9,60,708.0
9,61,709.0
9,62,884.0
9,63,285.0
9,64,1317.0
9,65,383.0
9,66,969.0
9,67,98.0
9,68,389.0
9,69,1739.0
9,70,706.0
9,71,242.0
9,72,1652.0
9,73,1156.0
9,74,1586.0
9,75,1355.0
9,76,1197.0
9,77,607.0
9,78,514.0
9,79,4.0
9,80,1926.0
9,81,752.0
9,82,1569.0
9,83,1258.0
9,84,1147.0
9,85,1574.0
9,86,490.0
9,87,60.0
9,88,850.0
9,89,1456.0
9,90,604.0
9,91,897.0
9,92,432.0
9,93,691.0
9,94,782.0
9,95,357.0
9,96,1228.0
9,97,1387.0
9,98,1507.0
9,99,887.0
9,100,460.0
10,1,1708.0
10,2,871.0
10,3,1413.0
10,4,1805.0
10,5,1208.0
10,6,737.0
10,7,464.0
10,8,1585.0
10,9,1293.0
10,10,715.0
10,11,535.0
10,12,249.0
10,13,472.0
10,14,1400.0
10,15,1286.0
10,16,11.0
10,17,230.0
10,18,1510.0
10,19,1758.0
10,20,464.0
10,21,1514.0
10,22,208.0
10,23,939.0
10,24,1813.0
10,25,518.0
10,26,230.0
10,27,1735.0
10,28,527.0
10,29,1624.0
10,30,1216.0
10,31,1562.0
10,32,1236.0
10,33,1809.0
10,34,804.0
10,35,1464.0
10,36,607.0
10,37,1573.0
10,38,1852.0
10,39,148.0
10,40,393.0
10,41,1753.0
10,42,1499.0
10,43,67.0
10,44,13.0
10,45,1716.0
10,46,795.0
10,47,430.0
10,48,622.0
10,49,124.0
10,50,998.0
10,51,1799.0
10,52,1479.0
10,53,1037.0
10,54,1220.0
10,55,842.0
10,56,218.0
10,57,536.0
10,58,1271.0
10,59,1372.0
10,60,300.0
10,61,79.0
10,62,1474.0
10,63,1337.0
10,64,179.0
10,65,1890.0
10,66,10.0
10,67,432.0
10,68,1364.0
10,69,1077.0
10,70,298.0
10,71,686.0
10,72,136.0
10,73,1277.0
10,74,1053.0
10,75,602.0
10,76,1751.0
10,77,343.0
10,78,15.0
10,79,1510.0
10,80,1492.0
10,81,901.0
10,82,1225.0
10,83,1393.0
10,84,1331.0
10,85,203.0
10,86,1479.0
10,87,1172.0
10,88,1892.0
10,89,9.0
10,90,575.0
10,91,1050.0
10,92,513.0
10,93,834.0
10,94,863.0
10,95,1673.0
10,96,1409.0
10,97,1810.0
10,98,243.0
10,99,582.0
10,100,1459.0
11,1,1793.0
11,2,803.0
11,3,308.0
11,4,940.0
11,5,1792.0
11,6,1887.0
11,7,1295.0
11,8,995.0
11,9,1715.0
11,10,1744.0
11,11,1174.0
11,12,1128.0
11,13,481.0
11,14,15.0
11,15,355.0
11,16,791.0
11,17,250.0
11,18,628.0
11,19,1195.0
11,20,360.0
11,21,1647.0
11,22,53.0
11,23,205.0
11,24,506.0
11,25,351.0
11,26,1108.0
11,27,1419.0
11,28,1522.0
11,29,1329.0
11,30,1785.0
11,31,362.0
11,32,1716.0
11,33,1470.0
11,34,1576.0
11,35,1443.0
11,36,1387.0
11,37,1908.0
11,38,759.0
11,39,1373.0
11,40,1298.0
11,41,1664.0
11,42,932.0
11,43,725.0
11,44,260.0
11,45,876.0
11,46,1223.0
11,47,1623.0
11,48,578.0
11,49,1125.0
11,50,1456.0
11,51,1781.0
11,52,827.0
11,53,1139.0
11,54,54.0
11,55,835.0
11,56,163.0
11,57,643.0
11,58,1091.0
11,59,1299.0
11,60,908.0
11,61,887.0
11,62,1690.0
11,63,997.0
11,64,692.0
11,65,157.0
11,66,926.0
11,67,879.0
11,68,190.0
11,69,249.0
11,70,21.0
11,71,990.0
11,72,349.0
11,73,139.0
11,74,580.0
11,75,1748.0
11,76,624.0
11,77,1952.0
11,78,28.0
11,79,1229.0
11,80,677.0
11,81,1938.0
11,82,1610.0
11,83,112.0
11,84,1416.0
11,85,1547.0
11,86,1226.0
11,87,622.0
11,88,339.0
11,89,655.0
11,90,1457.0
11,91,1623.0
11,92,231.0
11,93,788.0
11,94,76.0
11,95,600.0
11,96,967.0
11,97,878.0
11,98,1411.0
11,99,1083.0
11,100,485.0
12,1,843.0
12,2,799.0
12,3,1762.0
12,4,651.0
12,5,562.0
12,6,746.0
12,7,328.0
12,8,792.0
12,9,368.0
12,10,1591.0
12,11,776.0
12,12,1069.0
12,13,832.0
12,14,267.0
12,15,648.0
12,16,1496.0
12,17,182.0
12,18,224.0
12,19,1625.0
12,20,225.0
12,21,642.0
12,22,587.0
12,23,1756.0
12,24,803.0
12,25,656.0
12,26,736.0
12,27,200.0
12,28,968.0
12,29,1688.0
12,30,861.0
12,31,111.0
12,32,620.0
12,33,1051.0
12,34,1378.0
12,35,594.0
12,36,483.0
12,37,982.0
12,38,1503.0
12,39,1310.0
12,40,1488.0
12,41,1408.0
12,42,1933.0
12,43,1258.0
12,44,39.0
12,45,1434.0
12,46,696.0
12,47,273.0
12,48,1634.0
12,49,1678.0
12,50,1188.0
12,51,277.0
12,52,1035.0
12,53,1158.0
12,54,948.0
12,55,1413.0
12,56,105.0
12,57,1436.0
12,58,1833.0
12,59,971.0
12,60,1075.0
12,61,541.0
12,62,710.0
12,63,559.0
12,64,273.0
12,65,1700.0
12,66,686.0
12,67,583.0
12,68,1619.0
12,69,1709.0
12,70,559.0
12,71,739.0
12,72,827.0
12,73,1353.0
12,74,1190.0
12,75,1004.0
12,76,1772.0
12,77,1185.0
12,78,972.0
12,79,1686.0
12,80,1424.0
12,81,356.0
12,82,97.0
12,83,1723.0
12,84,844.0
12,85,119.0
12,86,155.0
12,87,151.0
12,88,1435.0
12,89,262.0
12,90,1485.0
12,91,137.0
12,92,1330.0
12,93,291.0
12,94,1516.0
12,95,496.0
12,96,65.0
12,97,1367.0
12,98,487.0
12,99,1393.0
12,100,730.0
13,1,1496.0
13,2,1203.0
13,3,1395.0
13,4,1287.0
13,5,1744.0
13,6,706.0
13,7,829.0
13,8,1367.0
13,9,458.0
13,10,357.0
13,11,1197.0
13,12,1226.0
13,13,1820.0
13,14,115.0
13,15,1688.0
13,16,495.0
13,17,587.0
13,18,465.0
13,19,1501.0
13,20,418.0
13,21,589.0
13,22,1265.0
13,23,923.0
13,24,424.0
13,25,271.0
13,26,1162.0
13,27,1117.0
13,28,1635.0
13,29,1731.0
13,30,1605.0
13,31,602.0
13,32,1521.0
13,33,1376.0
13,34,1158.0
13,35,1491.0
13,36,1663.0
13,37,1366.0
13,38,551.0
13,39,1213.0
13,40,1852.0
13,41,1819.0
13,42,1499.0
13,43,1277.0
13,44,986.0
13,45,328.0
13,46,344.0
13,47,669.0
13,48,580.0
13,49,665.0
13,50,592.0
13,51,1610.0
13,52,7.0
13,53,1709.0
13,54,1521.0
13,55,738.0
13,56,528.0
13,57,1809.0
13,58,187.0
13,59,1002.0
13,60,578.0
13,61,336.0
13,62,1418.0
13,63,1315.0
13,64,1487.0
13,65,1108.0
13,66,1113.0
13,67,1608.0
13,68,664.0
13,69,1694.0
13,70,1217.0
13,71,1859.0
13,72,1560.0
13,73,1238.0
13,74,1308.0
13,75,821.0
13,76,80.0
13,77,1823.0
13,78,673.0
13,79,1296.0
13,80,180.0
13,81,261.0
13,82,590.0
13,83,279.0
13,84,1319.0
13,85,799.0
13,86,1601.0
13,87,1907.0
13,88,1395.0
13,89,1388.0
13,90,1075.0
13,91,1309.0
13,92,240.0
13,93,1505.0
13,94,300.0
13,95,210.0
13,96,34.0
13,97,689.0
13,98,102.0
13,99,1266.0
13,100,867.0
14,1,1527.0
14,2,457.0
14,3,224.0
14,4,48.0
14,5,1658.0
14,6,773.0
14,7,345.0
14,8,1605.0
14,9,390.0
14,10,375.0
14,11,549.0
14,12,1318.0
14,13,272.0
14,14,1187.0
14,15,1334.0
14,16,444.0
14,17,1733.0
14,18,1563.0
14,19,1363.0
14,20,79.0
14,21,1736.0
14,22,957.0
14,23,1166.0
14,24,195.0
14,25,1144.0
14,26,531.0
14,27,1465.0
14,28,1561.0
14,29,254.0
14,30,125.0
14,31,1774.0
14,32,459.0
14,33,1470.0
14,34,1099.0
14,35,1527.0
14,36,1755.0
14,37,703.0
14,38,728.0
14,39,137.0
14,40,1527.0
14,41,857.0
14,42,1380.0
14,43,1679.0
14,44,1010.0
14,45,87.0
14,46,100.0
14,47,1454.0
14,48,291.0
14,49,1334.0
14,50,1755.0
14,51,1777.0
14,52,685.0
14,53,480.0
14,54,273.0
14,55,1691.0
14,56,1870.0
14,57,814.0
14,58,1399.0
14,59,524.0
14,60,1770.0
14,61,1024.0
14,62,1760.0
14,63,15.0
14,64,1055.0
14,65,1018.0
14,66,611.0
14,67,976.0
14,68,1231.0
14,69,1107.0
14,70,374.0
14,71,68.0
14,72,1380.0
14,73,1764.0
14,74,1765.0
14,75,356.0
14,76,1227.0
14,77,1127.0
14,78,195.0
14,79,1623.0
14,80,1388.0
14,81,143.0
14,82,1496.0
14,83,646.0
14,84,1060.0
14,85,141.0
14,86,1284.0
14,87,722.0
14,88,1116.0
14,89,1753.0
14,90,1357.0
14,91,295.0
14,92,724.0
14,93,1066.0
14,94,1509.0
14,95,1635.0
14,96,417.0
14,97,1590.0
14,98,1028.0
14,99,959.0
14,100,1093.0
15,1,155.0
15,2,240.0
15,3,1689.0
15,4,1372.0
15,5,36.0
15,6,78.0
15,7,1622.0
15,8,628.0
15,9,940.0
15,10,1603.0
15,11,1477.0
15,12,1271.0
15,13,1930.0
15,14,898.0
15,15,836.0
15,16,633.0
15,17,480.0
15,18,808.0
15,19,922.0
15,20,1718.0
15,21,465.0
15,22,878.0
15,23,1204.0
15,24,1555.0
15,25,186.0
15,26,1619.0
15,27,1366.0
15,28,1319.0
15,29,1039.0
15,30,1135.0
15,31,1227.0
15,32,1450.0
15,33,1902.0
15,34,1491.0
15,35,976.0
15,36,1221.0
15,37,1944.0
15,38,797.0
15,39,1281.0
15,40,1909.0
15,41,707.0
15,42,1695.0
15,43,984.0
15,44,659.0
15,45,200.0
15,46,827.0
15,47,415.0
15,48,766.0
15,49,1851.0
15,50,335.0
15,51,423.0
15,52,291.0
15,53,739.0
15,54,1640.0
15,55,1457.0
15,56,955.0
15,57,4.0
15,58,946.0
15,59,1242.0
15,60,1538.0
15,61,9.0
15,62,1739.0
15,63,1441.0
15,64,858.0
15,65,1854.0
15,66,251.0
15,67,1706.0
15,68,460.0
15,69,1826.0
15,70,791.0
15,71,1752.0
15,72,1544.0
15,73,1220.0
15,74,842.0
15,75,495.0
15,76,538.0
15,77,753.0
15,78,164.0
15,79,1687.0
15,80,440.0
15,81,655.0
15,82,1818.0
15,83,1306.0
15,84,1877.0
15,85,1114.0
15,86,482.0
15,87,1611.0
15,88,579.0
15,89,778.0
15,90,1389.0
15,91,1580.0
15,92,1759.0
15,93,19.0
15,94,634.0
15,95,840.0
15,96,1265.0
15,97,1577.0
15,98,1837.0
15,99,1023.0
15,100,1605.0
16,1,289.0
16,2,858.0
16,3,1792.0
16,4,558.0
16,5,499.0
16,6,362.0
16,7,1320.0
16,8,938.0
16,9,1925.0
16,10,1159.0
16,11,1268.0
16,12,1315.0
16,13,548.0
16,14,828.0
16,15,1793.0
16,16,1892.0
16,17,227.0
16,18,593.0
16,19,1294.0
16,20,1463.0
16,21,320.0
16,22,244.0
16,23,284.0
16,24,1070.0
16,25,1778.0
16,26,555.0
16,27,503.0
16,28,1384.0
16,29,216.0
16,30,1644.0
16,31,1754.0
16,32,58.0
16,33,657.0
16,34,563.0
16,35,546.0
16,36,1870.0
16,37,792.0
16,38,1424.0
16,39,1280.0
16,40,1275.0
16,41,1155.0
16,42,1201.0
16,43,775.0
16,44,813.0
16,45,1660.0
16,46,1977.0
16,47,1111.0
16,48,1532.0
16,49,1844.0
16,50,1207.0
16,51,224.0
16,52,611.0
16,53,644.0
16,54,887.0
16,55,119.0
16,56,1915.0
16,57,1041.0
16,58,287.0
16,59,453.0
16,60,579.0
16,61,478.0
16,62,763.0
16,63,732.0
16,64,1007.0
16,65,1125.0
16,66,1785.0
16,67,164.0
16,68,1243.0
16,69,1848.0
16,70,439.0
16,71,1146.0
16,72,1069.0
16,73,876.0
16,74,361.0
16,75,1944.0
16,76,732.0
16,77,1509.0
16,78,1610.0
16,79,1266.0
16,80,313.0
16,81,1223.0
16,82,887.0
16,83,1586.0
16,84,1616.0
16,85,62.0
16,86,1352.0
16,87,476.0
16,88,747.0
16,89,1481.0
16,90,1221.0
16,91,1957.0
16,92,1491.0
16,93,1100.0
16,94,1372.0
16,95,908.0
16,96,1158.0
16,97,1702.0
16,98,1987.0
16,99,622.0
16,100,1991.0
17,1,922.0
17,2,1592.0
17,3,1668.0
17,4,995.0
17,5,1366.0
17,6,1365.0
17,7,1943.0
17,8,1391.0
17,9,649.0
17,10,1841.0
17,11,1239.0
17,12,1706.0
17,13,852.0
17,14,156.0
17,15,1297.0
17,16,1321.0
17,17,1114.0
17,18,267.0
17,19,1159.0
17,20,1733.0
17,21,735.0
17,22,399.0
17,23,1216.0
17,24,660.0
17,25,1933.0
17,26,1143.0
17,27,139.0
17,28,1741.0
17,29,782.0
17,30,453.0
17,31,481.0
17,32,1882.0
17,33,1951.0
17,34,882.0
17,35,767.0
17,36,1821.0
17,37,718.0
17,38,1947.0
17,39,530.0
17,40,1815.0
17,41,1642.0
17,42,1663.0
17,43,537.0
17,44,378.0
17,45,1810.0
17,46,874.0
17,47,336.0
17,48,928.0
17,49,1941.0
17,50,736.0
17,51,1653.0
17,52,943.0
17,53,1019.0
17,54,779.0
17,55,1783.0
17,56,1457.0
17,57,1698.0
17,58,710.0
17,59,1925.0
17,60,1528.0
17,61,195.0
17,62,1420.0
17,63,17.0
17,64,1727.0
17,65,1082.0
17,66,1160.0
17,67,580.0
17,68,1655.0
17,69,784.0
17,70,1707.0
17,71,517.0
17,72,155.0
17,73,119.0
17,74,1772.0
17,75,1844.0
17,76,1026.0
17,77,908.0
17,78,1930.0
17,79,809.0
17,80,608.0
17,81,746.0
17,82,1585.0
17,83,1319.0
17,84,727.0
17,85,1924.0
17,86,853.0
17,87,1818.0
17,88,508.0
17,89,1781.0
17,90,485.0
17,91,138.0
17,92,406.0
17,93,132.0
17,94,1740.0
17,95,1123.0
17,96,1234.0
17,97,453.0
17,98,1372.0
17,99,1798.0
17,100,1329.0
18,1,1537.0
18,2,1807.0
18,3,223.0
18,4,179.0
18,5,380.0
18,6,640.0
18,7,1195.0
18,8,1515.0
18,9,221.0
18,10,606.0
18,11,927.0
18,12,1833.0
18,13,967.0
18,14,311.0
18,15,1613.0
18,16,1299.0
18,17,1720.0
18,18,1818.0
18,19,894.0
18,20,1741.0
18,21,300.0
18,22,985.0
18,23,1195.0
18,24,464.0
18,25,1657.0
18,26,705.0
18,27,1080.0
18,28,711.0
18,29,1879.0
18,30,220.0
18,31,898.0
18,32,680.0
18,33,171.0
18,34,717.0
18,35,1182.0
18,36,711.0
18,37,1892.0
18,38,1745.0
18,39,1764.0
18,40,398.0
18,41,1322.0
18,42,910.0
18,43,1417.0
18,44,1290.0
18,45,1732.0
18,46,224.0
18,47,1405.0
18,48,1066.0
18,49,1209.0
18,50,1354.0
18,51,1329.0
18,52,958.0
18,53,346.0
18,54,358.0
18,55,533.0
18,56,307.0
18,57,1455.0
18,58,1006.0
18,59,1755.0
18,60,372.0
18,61,1219.0
18,62,693.0
18,63,1633.0
18,64,651.0
18,65,1822.0
18,66,1296.0
18,67,593.0
18,68,876.0
18,69,510.0
18,70,357.0
18,71,258.0
18,72,1244.0
18,73,37.0
18,74,562.0
18,75,1310.0
18,76,510.0
18,77,154.0
18,78,1876.0
18,79,922.0
18,80,261.0
18,81,840.0
18,82,555.0
18,83,546.0
18,84,427.0
18,85,1821.0
18,86,95.0
18,87,480.0
18,88,980.0
18,89,525.0
18,90,1678.0
18,91,306.0
18,92,527.0
18,93,518.0
18,94,1733.0
18,95,335.0
18,96,1823.0
18,97,405.0
18,98,1292.0
18,99,1815.0
18,100,418.0
19,1,1513.0
19,2,1954.0
19,3,647.0
19,4,1535.0
19,5,200.0
19,6,521.0
19,7,1080.0
19,8,415.0
19,9,761.0
19,10,1806.0
19,11,102.0
19,12,1763.0
19,13,1817.0
19,14,1268.0
19,15,1368.0
19,16,485.0
19,17,1269.0
19,18,1748.0
19,19,1389.0
19,20,1734.0
19,21,392.0
19,22,1051.0
19,23,1766.0
19,24,101.0
19,25,1192.0
19,26,315.0
19,27,1155.0
19,28,1071.0
19,29,101.0
19,30,312.0
19,31,1760.0
19,32,1884.0
19,33,315.0
19,34,1549.0
19,35,1746.0
19,36,1747.0
19,37,253.0
19,38,1688.0
19,39,1432.0
19,40,1860.0
19,41,1311.0
19,42,1374.0
19,43,359.0
19,44,1882.0
19,45,1907.0
19,46,723.0
19,47,366.0
19,48,287.0
19,49,1268.0
19,50,782.0
19,51,1626.0
19,52,725.0
19,53,1520.0
19,54,344.0
19,55,1854.0
19,56,372.0
19,57,1788.0
19,58,1566.0
19,59,274.0
19,60,1041.0
19,61,1677.0
19,62,1670.0
19,63,1398.0
19,64,536.0
19,65,1295.0
19,66,1728.0
19,67,1312.0
19,68,201.0
19,69,1006.0
19,70,542.0
19,71,171.0
19,72,61.0
19,73,169.0
19,74,907.0
19,75,227.0
19,76,1774.0
19,77,1526.0
19,78,1227.0
19,79,243.0
19,80,680.0
19,81,997.0
19,82,522.0
19,83,1078.0
19,84,1937.0
19,85,1676.0
19,86,1328.0
19,87,1012.0
19,88,1902.0
19,89,1932.0
19,90,1320.0
19,91,47.0
19,92,1321.0
19,93,1910.0
19,94,1114.0
19,95,1369.0
19,96,839.0
19,97,1795.0
19,98,1363.0
19,99,1283.0
19,100,501.0
20,1,1952.0
20,2,618.0
20,3,1887.0
20,4,1438.0
20,5,1870.0
20,6,1841.0
20,7,1617.0
20,8,1939.0
20,9,366.0
20,10,1605.0
20,11,725.0
20,12,298.0
20,13,1142.0
20,14,500.0
20,15,250.0
20,16,1950.0
20,17,1879.0
20,18,1389.0
20,19,854.0
20,20,1183.0
20,21,782.0
20,22,860.0
20,23,476.0
20,24,1455.0
20,25,1878.0
20,26,1503.0
20,27,474.0
20,28,1160.0
20,29,765.0
20,30,1602.0
20,31,830.0
20,32,805.0
20,33,515.0
20,34,623.0
20,35,936.0
20,36,26.0
20,37,1352.0
20,38,1869.0
20,39,1349.0
20,40,1055.0
20,41,1888.0
20,42,527.0
20,43,1733.0
20,44,821.0
20,45,1785.0
20,46,1266.0
20,47,712.0
20,48,1479.0
20,49,906.0
20,50,1293.0
20,51,1349.0
20,52,1475.0
20,53,623.0
20,54,1028.0
20,55,527.0
20,56,1492.0
20,57,1604.0
20,58,44.0
20,59,1576.0
20,60,306.0
20,61,1405.0
20,62,1515.0
20,63,1570.0
20,64,1397.0
20,65,101.0
20,66,509.0
20,67,1061.0
20,68,433.0
20,69,163.0
20,70,1368.0
20,71,991.0
20,72,1145.0
20,73,127.0
20,74,1480.0
20,75,105.0
20,76,1438.0
20,77,1347.0
20,78,1623.0
20,79,1163.0
20,80,1463.0
20,81,101.0
20,82,592.0
20,83,244.0
20,84,374.0
20,85,539.0
20,86,1147.0
20,87,1635.0
20,88,297.0
20,89,130.0
20,90,373.0
20,91,29.0
20,92,100.0
20,93,86.0
20,94,1122.0
20,95,814.0
20,96,399.0
20,97,935.0
20,98,866.0
20,99,1820.0
20,100,426.0
21,1,1259.0
21,2,781.0
21,3,1620.0
21,4,1513.0
21,5,446.0
21,6,78.0
21,7,395.0
21,8,228.0
21,9,515.0
21,10,23.0
21,11,249.0
21,12,554.0
21,13,1446.0
21,14,175.0
21,15,58.0
21,16,98.0
21,17,663.0
21,18,1450.0
21,19,355.0
21,20,1391.0
21,21,1494.0
21,22,215.0
21,23,1009.0
21,24,1382.0
21,25,1654.0
21,26,1042.0
21,27,816.0
21,28,1729.0
21,29,980.0
21,30,1043.0
21,31,543.0
21,32,908.0
21,33,1673.0
21,34,821.0
21,35,1236.0
21,36,1317.0
21,37,1553.0
21,38,1659.0
21,39,1457.0
21,40,1633.0
21,41,986.0
21,42,393.0
21,43,1712.0
21,44,170.0
21,45,1858.0
21,46,311.0
21,47,1695.0
21,48,1805.0
21,49,375.0
21,50,795.0
21,51,1100.0
21,52,175.0
21,53,1492.0
21,54,488.0
21,55,250.0
21,56,1109.0
21,57,142.0
21,58,1593.0
21,59,1918.0
21,60,1487.0
21,61,1175.0
21,62,1666.0
21,63,712.0
21,64,880.0
21,65,123.0
21,66,747.0
21,67,1186.0
21,68,689.0
21,69,1403.0
21,70,750.0
21,71,1428.0
21,72,369.0
21,73,713.0
21,74,325.0
21,75,632.0
21,76,1482.0
21,77,358.0
21,78,595.0
21,79,1237.0
21,80,213.0
21,81,445.0
21,82,1673.0
21,83,771.0
21,84,68.0
21,85,195.0
21,86,1517.0
21,87,476.0
21,88,1041.0
21,89,1609.0
21,90,424.0
21,91,1780.0
21,92,1507.0
21,93,672.0
21,94,1881.0
21,95,282.0
21,96,1383.0
21,97,367.0
21,98,1280.0
21,99,751.0
21,100,1161.0
22,1,1258.0
22,2,1156.0
22,3,311.0
22,4,1665.0
22,5,591.0
22,6,812.0
22,7,964.0
22,8,1336.0
22,9,990.0
22,10,1211.0
22,11,324.0
22,12,1436.0
22,13,1759.0
22,14,640.0
22,15,1602.0
22,16,801.0
22,17,450.0
22,18,1441.0
22,19,1228.0
22,20,997.0
22,21,1802.0
22,22,1143.0
22,23,768.0
22,24,46.0
22,25,831.0
22,26,252.0
22,27,573.0
22,28,1868.0
22,29,1117.0
22,30,1500.0
22,31,1663.0
22,32,1555.0
22,33,1263.0
22,34,720.0
22,35,492.0
22,36,200.0
22,37,1900.0
22,38,1908.0
22,39,663.0
22,40,659.0
22,41,1587.0
22,42,1125.0
22,43,135.0
22,44,1232.0
22,45,1065.0
22,46,913.0
22,47,101.0
22,48,1210.0
22,49,330.0
22,50,39.0
22,51,1604.0
22,52,315.0
22,53,1669.0
22,54,1417.0
22,55,1710.0
22,56,269.0
22,57,708.0
22,58,1574.0
22,59,756.0
22,60,1747.0
22,61,773.0
22,62,735.0
22,63,1903.0
22,64,664.0
22,65,1772.0
22,66,1631.0
22,67,747.0
22,68,826.0
22,69,923.0
22,70,904.0
22,71,180.0
22,72,1184.0
22,73,1696.0
22,74,141.0
22,75,1481.0
22,76,1471.0
22,77,1232.0
22,78,1909.0
22,79,489.0
22,80,613.0
22,81,556.0
22,82,396.0
22,83,66.0
22,84,1285.0
22,85,545.0
22,86,688.0
22,87,504.0
22,88,1558.0
22,89,836.0
22,90,1390.0
22,91,154.0
22,92,1826.0
22,93,727.0
22,94,483.0
22,95,616.0
22,96,298.0
22,97,1180.0
22,98,1367.0
22,99,1149.0
22,100,630.0
23,1,1565.0
23,2,46.0
23,3,112.0
23,4,223.0
23,5,875.0
23,6,1802.0
23,7,1199.0
23,8,1038.0
23,9,1589.0
23,10,321.0
23,11,1813.0
23,12,29.0
23,13,960.0
23,14,1370.0
23,15,295.0
23,16,1627.0
23,17,478.0
23,18,770.0
23,19,488.0
23,20,1401.0
23,21,244.0
23,22,1554.0
23,23,844.0
23,24,634.0
23,25,836.0
23,26,953.0
23,27,56.0
23,28,334.0
23,29,769.0
23,30,1068.0
23,31,346.0
23,32,1193.0
23,33,791.0
23,34,362.0
23,35,431.0
23,36,1521.0
23,37,564.0
23,38,451.0
23,39,1402.0
23,40,1879.0
23,41,1556.0
23,42,1779.0
23,43,1379.0
23,44,1059.0
23,45,1124.0
23,46,311.0
23,47,1010.0
23,48,464.0
23,49,1922.0
23,50,1245.0
23,51,800.0
23,52,1124.0
23,53,582.0
23,54,120.0
23,55,762.0
23,56,1480.0
23,57,321.0
23,58,666.0
23,59,1387.0
23,60,1394.0
23,61,437.0
23,62,1231.0
23,63,1868.0
23,64,917.0
23,65,521.0
23,66,823.0
23,67,376.0
23,68,615.0
23,69,1498.0
23,70,1121.0
23,71,992.0
23,72,508.0
23,73,491.0
23,74,889.0
23,75,1750.0
23,76,1436.0
23,77,1613.0
23,78,512.0
23,79,1073.0
23,80,401.0
23,81,765.0
23,82,716.0
23,83,1366.0
23,84,1290.0
23,85,572.0
23,86,1354.0
23,87,1431.0
23,88,922.0
23,89,118.0
23,90,1454.0
23,91,132.0
23,92,494.0
23,93,590.0
23,94,998.0
23,95,1394.0
23,96,433.0
23,97,80.0
23,98,1352.0
23,99,1744.0
23,100,1174.0
24,1,1870.0
24,2,253.0
24,3,1524.0
24,4,1012.0
24,5,260.0
24,6,1171.0
24,7,229.0
24,8,1671.0
24,9,180.0
24,10,1190.0
24,11,1655.0
24,12,25.0
24,13,1585.0
24,14,527.0
24,15,900.0
24,16,1625.0
24,17,1027.0
24,18,1131.0
24,19,265.0
24,20,1615.0
24,21,499.0
24,22,96.0
24,23,1157.0
24,24,568.0
24,25,395.0
24,26,261.0
24,27,419.0
24,28,54.0
24,29,1512.0
24,30,203.0
24,31,890.0
24,32,378.0
24,33,1018.0
24,34,1322.0
24,35,1732.0
24,36,1695.0
24,37,326.0
24,38,3.0
24,39,1317.0
24,40,1150.0
24,41,1409.0
24,42,1478.0
24,43,1671.0
24,44,119.0
24,45,820.0
24,46,71.0
24,47,951.0
24,48,1781.0
24,49,162.0
24,50,1371.0
24,51,1658.0
24,52,1602.0
24,53,254.0
24,54,821.0
24,55,1016.0
24,56,978.0
24,57,1708.0
24,58,1336.0
24,59,722.0
24,60,126.0
24,61,1704.0
24,62,1703.0
24,63,715.0
24,64,1415.0
24,65,1154.0
24,66,1761.0
24,67,1883.0
24,68,861.0
24,69,345.0
24,70,1078.0
24,71,825.0
24,72,1528.0
24,73,760.0
24,74,1023.0
24,75,963.0
24,76,675.0
24,77,1018.0
24,78,413.0
24,79,916.0
24,80,1643.0
24,81,3.0
24,82,1204.0
24,83,1899.0
24,84,631.0
24,85,1807.0
24,86,1199.0
24,87,1869.0
24,88,1297.0
24,89,178.0
24,90,1834.0
24,91,1781.0
24,92,149.0
24,93,1218.0
24,94,1774.0
24,95,1589.0
24,96,759.0
24,97,1697.0
24,98,597.0
24,99,190.0
24,100,1747.0
25,1,239.0
25,2,1079.0
25,3,1175.0
25,4,1668.0
25,5,1470.0
25,6,703.0
25,7,408.0
25,8,1777.0
25,9,1405.0
25,10,97.0
25,11,394.0
25,12,1089.0
25,13,1194.0
25,14,938.0
25,15,902.0
25,16,1107.0
25,17,1801.0
25,18,301.0
25,19,295.0
25,20,110.0
25,21,658.0
25,22,1577.0
25,23,361.0
25,24,292.0
25,25,770.0
25,26,1816.0
25,27,10.0
25,28,32.0
25,29,370.0
25,30,900.0
25,31,1008.0
25,32,447.0
25,33,859.0
25,34,605.0
25,35,1917.0
25,36,492.0
25,37,1134.0
25,38,1784.0
25,39,1183.0
25,40,156.0
25,41,1781.0
25,42,1365.0
25,43,1158.0
25,44,913.0
25,45,393.0
25,46,794.0
25,47,1749.0
25,48,743.0
25,49,1482.0
25,50,1226.0
25,51,650.0
25,52,1226.0
25,53,41.0
25,54,1683.0
25,55,194.0
25,56,1659.0
25,57,527.0
25,58,1344.0
25,59,1185.0
25,60,1147.0
25,61,1564.0
25,62,535.0
25,63,997.0
25,64,9.0
25,65,924.0
25,66,395.0
25,67,1180.0
25,68,540.0
25,69,184.0
25,70,517.0
25,71,1151.0
25,72,267.0
25,73,1040.0
25,74,1276.0
25,75,1192.0
25,76,1524.0
25,77,1468.0
25,78,415.0
25,79,1145.0
25,80,513.0
25,81,1374.0
25,82,235.0
25,83,1921.0
25,84,975.0
25,85,1922.0
25,86,58.0
25,87,1496.0
25,88,576.0
25,89,1559.0
25,90,1337.0
25,91,392.0
25,92,399.0
25,93,779.0
25,94,1185.0
25,95,1216.0
25,96,276.0
25,97,875.0
25,98,880.0
25,99,213.0
25,100,1815.0
26,1,795.0
26,2,835.0
26,3,6.0
26,4,1251.0
26,5,479.0
26,6,308.0
26,7,82.0
26,8,655.0
26,9,900.0
26,10,1151.0
26,11,1158.0
26,12,769.0
26,13,493.0
26,14,1735.0
26,15,386.0
26,16,1666.0
26,17,806.0
26,18,1447.0
26,19,935.0
26,20,1567.0
26,21,382.0
26,22,534.0
26,23,182.0
26,24,33.0
26,25,164.0
26,26,146.0
26,27,69.0
26,28,1073.0
26,29,812.0
26,30,1360.0
26,31,669.0
26,32,1118.0
26,33,1832.0
26,34,889.0
26,35,1447.0
26,36,1181.0
26,37,1366.0
26,38,802.0
26,39,829.0
26,40,1404.0
26,41,75.0
26,42,1713.0
26,43,1262.0
26,44,416.0
26,45,552.0
26,46,1319.0
26,47,371.0
26,48,1667.0
26,49,1216.0
26,50,203.0
26,51,1160.0
26,52,640.0
26,53,1385.0
26,54,1139.0
26,55,793.0
26,56,1458.0
26,57,409.0
26,58,630.0
26,59,186.0
26,60,1234.0
26,61,1494.0
26,62,595.0
26,63,1079.0
26,64,307.0
26,65,1214.0
26,66,1387.0
26,67,769.0
26,68,1469.0
26,69,1126.0
26,70,590.0
26,71,501.0
26,72,918.0
26,73,1683.0
26,74,819.0
26,75,574.0
26,76,11.0
26,77,288.0
26,78,105.0
26,79,298.0
26,80,94.0
26,81,449.0
26,82,986.0
26,83,896.0
26,84,993.0
26,85,92.0
26,86,1367.0
26,87,1730.0
26,88,520.0
26,89,11.0
26,90,1860.0
26,91,117.0
26,92,1866.0
26,93,509.0
26,94,126.0
26,95,1729.0
26,96,1723.0
26,97,314.0
26,98,664.0
26,99,828.0
26,100,699.0
27,1,1770.0
27,2,787.0
27,3,54.0
27,4,227.0
27,5,1435.0
27,6,243.0
27,7,1237.0
27,8,1163.0
27,9,1515.0
27,10,1404.0
27,11,1756.0
27,12,164.0
27,13,60.0
27,14,1567.0
27,15,128.0
27,16,695.0
27,17,1495.0
27,18,1717.0
27,19,705.0
27,20,840.0
27,21,1766.0
27,22,1405.0
27,23,1399.0
27,24,751.0
27,25,1773.0
27,26,1865.0
27,27,1032.0
27,28,769.0
27,29,1897.0
27,30,821.0
27,31,1809.0
27,32,1739.0
27,33,625.0
27,34,1310.0
27,35,260.0
27,36,580.0
27,37,506.0
27,38,1804.0
27,39,1402.0
27,40,870.0
27,41,1798.0
27,42,789.0
27,43,641.0
27,44,1660.0
27,45,1770.0
27,46,949.0
27,47,1390.0
27,48,1369.0
27,49,1763.0
27,50,697.0
27,51,1114.0
27,52,552.0
27,53,1445.0
27,54,1892.0
27,55,583.0
27,56,1792.0
27,57,225.0
27,58,873.0
27,59,42.0
27,60,961.0
27,61,1793.0
27,62,825.0
27,63,262.0
27,64,409.0
27,65,57.0
27,66,690.0
27,67,95.0
27,68,1582.0
27,69,1235.0
27,70,1376.0
27,71,284.0
27,72,1182.0
27,73,1578.0
27,74,1026.0
27,75,1002.0
27,76,1812.0
27,77,1665.0
27,78,643.0
27,79,899.0
27,80,1354.0
27,81,626.0
27,82,1486.0
27,83,918.0
27,84,575.0
27,85,1468.0
27,86,626.0
27,87,407.0
27,88,906.0
27,89,487.0
27,90,1617.0
27,91,182.0
27,92,1249.0
27,93,997.0
27,94,1071.0
27,95,1734.0
27,96,1000.0
27,97,30.0
27,98,452.0
27,99,859.0
27,100,1663.0
28,1,28.0
28,2,684.0
28,3,468.0
28,4,1610.0
28,5,980.0
28,6,1004.0
28,7,217.0
28,8,1072.0
28,9,294.0
28,10,998.0
28,11,44.0
28,12,135.0
28,13,888.0
28,14,1414.0
28,15,128.0
28,16,1072.0
28,17,277.0
28,18,830.0
28,19,900.0
28,20,994.0
28,21,664.0
28,22,1314.0
28,23,1712.0
28,24,1096.0
28,25,1219.0
28,26,833.0
28,27,398.0
28,28,125.0
28,29,1444.0
28,30,1740.0
28,31,1684.0
28,32,633.0
28,33,904.0
28,34,1552.0
28,35,847.0
28,36,683.0
28,37,1805.0
28,38,1377.0
28,39,597.0
28,40,960.0
28,41,1927.0
28,42,834.0
28,43,1763.0
28,44,1871.0
28,45,1272.0
28,46,1013.0
28,47,451.0
28,48,241.0
28,49,100.0
28,50,1402.0
28,51,1486.0
28,52,1329.0
28,53,1667.0
28,54,628.0
28,55,1891.0
28,56,1874.0
28,57,1097.0
28,58,1556.0
28,59,569.0
28,60,609.0
28,61,596.0
28,62,13.0
28,63,1915.0
28,64,1030.0
28,65,92.0
28,66,545.0
28,67,555.0
28,68,1401.0
28,69,1260.0
28,70,1764.0
28,71,1268.0
28,72,1652.0
28,73,21.0
28,74,1222.0
28,75,1348.0
28,76,814.0
28,77,953.0
28,78,1653.0
28,79,1811.0
28,80,823.0
28,81,1435.0
28,82,969.0
28,83,746.0
28,84,1859.0
28,85,1144.0
28,86,1223.0
28,87,815.0
28,88,652.0
28,89,693.0
28,90,193.0
28,91,1360.0
28,92,110.0
28,93,1113.0
28,94,145.0
28,95,928.0
28,96,210.0
28,97,13.0
28,98,766.0
28,99,1284.0
28,100,1032.0
29,1,813.0
29,2,1272.0
29,3,372.0
29,4,1515.0
29,5,375.0
29,6,1524.0
29,7,700.0
29,8,1896.0
29,9,1457.0
29,10,263.0
29,11,1481.0
29,12,753.0
29,13,676.0
29,14,84.0
29,15,300.0
29,16,1689.0
29,17,1864.0
29,18,1196.0
29,19,262.0
29,20,202.0
29,21,1718.0
29,22,1096.0
29,23,1379.0
29,24,1676.0
29,25,1022.0
29,26,432.0
29,27,1348.0
29,28,229.0
29,29,1290.0
29,30,1776.0
29,31,891.0
29,32,1256.0
29,33,911.0
29,34,749.0
29,35,1523.0
29,36,65.0
29,37,669.0
29,38,1866.0
29,39,579.0
29,40,1887.0
29,41,1408.0
29,42,718.0
29,43,1744.0
29,44,889.0
29,45,80.0
29,46,211.0
29,47,1116.0
29,48,988.0
29,49,702.0
29,50,1028.0
29,51,637.0
29,52,965.0
29,53,1056.0
29,54,792.0
29,55,660.0
29,56,1226.0
29,57,1620.0
29,58,701.0
29,59,1404.0
29,60,1590.0
29,61,1771.0
29,62,1762.0
29,63,1894.0
29,64,1131.0
29,65,526.0
29,66,1032.0
29,67,389.0
29,68,1195.0
29,69,1045.0
29,70,264.0
29,71,40.0
29,72,870.0
29,73,511.0
29,74,204.0
29,75,829.0
29,76,133.0
29,77,114.0
29,78,1245.0
29,79,137.0
29,80,197.0
29,81,1765.0
29,82,212.0
29,83,332.0
29,84,1795.0
29,85,687.0
29,86,70.0
29,87,482.0
29,88,597.0
29,89,357.0
29,90,649.0
29,91,1353.0
29,92,1239.0
29,93,388.0
29,94,1304.0
29,95,1053.0
29,96,453.0
29,97,1679.0
29,98,252.0
29,99,1154.0
29,100,1516.0
30,1,938.0
30,2,287.0
30,3,823.0
30,4,549.0
30,5,1466.0
30,6,1184.0
30,7,246.0
30,8,1457.0
30,9,1279.0
30,10,1903.0
30,11,166.0
30,12,1813.0
30,13,1023.0
30,14,716.0
30,15,1333.0
30,16,919.0
30,17,1913.0
30,18,1357.0
30,19,972.0
30,20,1153.0
30,21,841.0
30,22,1641.0
30,23,305.0
30,24,1190.0
30,25,1114.0
30,26,203.0
30,27,441.0
30,28,1017.0
30,29,1459.0
30,30,498.0
30,31,567.0
30,32,1209.0
30,33,1040.0
30,34,590.0
30,35,798.0
30,36,1523.0
30,37,1723.0
30,38,1110.0
30,39,1284.0
30,40,1403.0
30,41,1707.0
30,42,1449.0
30,43,495.0
30,44,935.0
30,45,551.0
30,46,1036.0
30,47,1039.0
30,48,286.0
30,49,758.0
30,50,666.0
30,51,60.0
30,52,1152.0
30,53,843.0
30,54,1289.0
30,55,1912.0
30,56,1001.0
30,57,280.0
30,58,367.0
30,59,147.0
30,60,1148.0
30,61,70.0
30,62,1877.0
30,63,1883.0
30,64,1156.0
30,65,472.0
30,66,1088.0
30,67,737.0
30,68,638.0
30,69,237.0
30,70,1429.0
30,71,425.0
30,72,899.0
30,73,1444.0
30,74,608.0
30,75,1885.0
30,76,1284.0
30,77,1288.0
30,78,1475.0
30,79,561.0
30,80,1614.0
30,81,134.0
30,82,966.0
30,83,1147.0
30,84,297.0
30,85,994.0
30,86,1232.0
30,87,1839.0
30,88,1510.0
30,89,439.0
30,90,739.0
30,91,787.0
30,92,1434.0
30,93,475.0
30,94,1908.0
30,95,917.0
30,96,271.0
30,97,362.0
30,98,938.0
30,99,1640.0
30,100,799.0
31,1,434.0
31,2,1109.0
31,3,1952.0
31,4,946.0
31,5,287.0
31,6,1843.0
31,7,1678.0
31,8,1554.0
31,9,417.0
31,10,1083.0
31,11,791.0
31,12,1544.0
31,13,435.0
31,14,1057.0
31,15,1275.0
31,16,1651.0
31,17,569.0
31,18,187.0
31,19,75.0
31,20,1784.0
31,21,1101.0
31,22,703.0
31,23,800.0
31,24,1363.0
31,25,384.0
31,26,1209.0
31,27,430.0
31,28,780.0
31,29,1065.0
31,30,1989.0
31,31,1851.0
31,32,674.0
31,33,1897.0
31,34,1047.0
31,35,556.0
31,36,1309.0
31,37,843.0
31,38,616.0
31,39,806.0
31,40,966.0
31,41,661.0
31,42,828.0
31,43,147.0
31,44,1918.0
31,45,1980.0
31,46,1443.0
31,47,635.0
31,48,214.0
31,49,1595.0
31,50,1747.0
31,51,1681.0
31,52,587.0
31,53,25.0
31,54,62.0
31,55,584.0
31,56,1327.0
31,57,1714.0
31,58,1794.0
31,59,810.0
31,60,1798.0
31,61,41.0
31,62,1973.0
31,63,153.0
31,64,1539.0
31,65,1769.0
31,66,846.0
31,67,585.0
31,68,1461.0
31,69,1641.0
31,70,883.0
31,71,587.0
31,72,1248.0
31,73,766.0
31,74,1509.0
31,75,1949.0
31,76,1237.0
31,77,1513.0
31,78,1238.0
31,79,1979.0
31,80,1491.0
31,81,544.0
31,82,1381.0
31,83,1376.0
31,84,1890.0
31,85,1261.0
31,86,782.0
31,87,1435.0
31,88,1093.0
31,89,1161.0
31,90,1451.0
31,91,1897.0
31,92,966.0
31,93,233.0
31,94,221.0
31,95,1425.0
31,96,638.0
31,97,798.0
31,98,213.0
31,99,833.0
31,100,927.0
32,1,393.0
32,2,177.0
32,3,820.0
32,4,1606.0
32,5,1423.0
32,6,905.0
32,7,655.0
32,8,1310.0
32,9,1642.0
32,10,1098.0
32,11,412.0
32,12,140.0
32,13,440.0
32,14,508.0
32,15,125.0
32,16,112.0
32,17,684.0
32,18,1101.0
32,19,126.0
32,20,1071.0
32,21,1736.0
32,22,780.0
32,23,484.0
32,24,1226.0
32,25,1553.0
32,26,691.0
32,27,805.0
32,28,991.0
32,29,387.0
32,30,607.0
32,31,1815.0
32,32,1173.0
32,33,96.0
32,34,246.0
32,35,1391.0
32,36,768.0
32,37,1173.0
32,38,1485.0
32,39,1889.0
32,40,601.0
32,41,111.0
32,42,1137.0
32,43,31.0
32,44,257.0
32,45,236.0
32,46,747.0
32,47,1345.0
32,48,48.0
32,49,1068.0
32,50,869.0
32,51,33.0
32,52,1766.0
32,53,472.0
32,54,506.0
32,55,572.0
32,56,973.0
32,57,468.0
32,58,1229.0
32,59,283.0
32,60,170.0
32,61,1149.0
32,62,706.0
32,63,1033.0
32,64,109.0
32,65,1164.0
32,66,1235.0
32,67,77.0
32,68,855.0
32,69,198.0
32,70,938.0
32,71,1749.0
32,72,1614.0
32,73,785.0
32,74,124.0
32,75,1069.0
32,76,1275.0
32,77,174.0
32,78,314.0
32,79,1890.0
32,80,1224.0
32,81,942.0
32,82,1218.0
32,83,1460.0
32,84,595.0
32,85,405.0
32,86,912.0
32,87,1587.0
32,88,613.0
32,89,1102.0
32,90,1372.0
32,91,1458.0
32,92,822.0
32,93,372.0
32,94,1480.0
32,95,700.0
32,96,1688.0
32,97,638.0
32,98,1119.0
32,99,1129.0
32,100,165.0
33,1,1074.0
33,2,691.0
33,3,809.0
33,4,1378.0
33,5,1821.0
33,6,1037.0
33,7,478.0
33,8,1420.0
33,9,1757.0
33,10,301.0
33,11,870.0
33,12,384.0
33,13,1701.0
33,14,130.0
33,15,1708.0
33,16,1669.0
33,17,330.0
33,18,271.0
33,19,1142.0
33,20,320.0
33,21,1350.0
33,22,1354.0
33,23,1620.0
33,24,1662.0
33,25,1873.0
33,26,282.0
33,27,831.0
33,28,543.0
33,29,875.0
33,30,1750.0
33,31,989.0
33,32,497.0
33,33,181.0
33,34,124.0
33,35,1570.0
33,36,591.0
33,37,15.0
33,38,1769.0
33,39,1861.0
33,40,1185.0
33,41,550.0
33,42,1242.0
33,43,740.0
33,44,965.0
33,45,1769.0
33,46,1669.0
33,47,1893.0
33,48,400.0
33,49,710.0
33,50,860.0
33,51,1309.0
33,52,551.0
33,53,830.0
33,54,469.0
33,55,1484.0
33,56,1388.0
33,57,1718.0
33,58,1161.0
33,59,1208.0
33,60,530.0
33,61,34.0
33,62,1540.0
33,63,1419.0
33,64,1152.0
33,65,1913.0
33,66,218.0
33,67,1344.0
33,68,1433.0
33,69,978.0
33,70,747.0
33,71,1814.0
33,72,459.0
33,73,343.0
33,74,808.0
33,75,703.0
33,76,1344.0
33,77,1747.0
33,78,862.0
33,79,1214.0
33,80,1207.0
33,81,187.0
33,82,939.0
33,83,106.0
33,84,763.0
33,85,1292.0
33,86,609.0
33,87,360.0
33,88,531.0
33,89,1700.0
33,90,1177.0
33,91,1312.0
33,92,1151.0
33,93,222.0
33,94,1893.0
33,95,1245.0
33,96,96.0
33,97,1206.0
33,98,433.0
33,99,1265.0
33,100,636.0
34,1,691.0
34,2,167.0
34,3,1323.0
34,4,1914.0
34,5,1636.0
34,6,1272.0
34,7,942.0
34,8,1553.0
34,9,1903.0
34,10,1362.0
34,11,1461.0
34,12,1696.0
34,13,704.0
34,14,821.0
34,15,676.0
34,16,922.0
34,17,1622.0
34,18,335.0
34,19,1029.0
34,20,1232.0
34,21,915.0
34,22,21.0
34,23,1913.0
34,24,952.0
34,25,1531.0
34,26,315.0
34,27,1234.0
34,28,896.0
34,29,1648.0
34,30,873.0
34,31,1622.0
34,32,1034.0
34,33,600.0
34,34,522.0
34,35,1083.0
34,36,164.0
34,37,378.0
34,38,828.0
34,39,1131.0
34,40,1886.0
34,41,1100.0
34,42,98.0
34,43,908.0
34,44,268.0
34,45,431.0
34,46,1600.0
34,47,33.0
34,48,1601.0
34,49,1849.0
34,50,115.0
34,51,1778.0
34,52,216.0
34,53,202.0
34,54,1397.0
34,55,279.0
34,56,1632.0
34,57,343.0
34,58,1499.0
34,59,754.0
34,60,158.0
34,61,123.0
34,62,12.0
34,63,1575.0
34,64,119.0
34,65,1710.0
34,66,632.0
34,67,651.0
34,68,1261.0
34,69,1477.0
34,70,756.0
34,71,1630.0
34,72,1778.0
34,73,1186.0
34,74,503.0
34,75,1863.0
34,76,1143.0
34,77,1779.0
34,78,1379.0
34,79,1095.0
34,80,1905.0
34,81,916.0
34,82,1141.0
34,83,1530.0
34,84,985.0
34,85,262.0
34,86,1220.0
34,87,207.0
34,88,20.0
34,89,891.0
34,90,1145.0
34,91,1086.0
34,92,1353.0
34,93,1466.0
34,94,1099.0
34,95,573.0
34,96,1083.0
34,97,614.0
34,98,1144.0
34,99,276.0
34,100,1581.0
35,1,849.0
35,2,1052.0
35,3,995.0
35,4,803.0
35,5,1747.0
35,6,785.0
35,7,1844.0
35,8,1794.0
35,9,2.0
35,10,834.0
35,11,1423.0
35,12,1858.0
35,13,1060.0
35,14,371.0
35,15,1586.0
35,16,1129.0
35,17,272.0
35,18,368.0
35,19,1236.0
35,20,549.0
35,21,1882.0
35,22,1868.0
35,23,1238.0
35,24,18.0
35,25,975.0
35,26,1067.0
35,27,759.0
35,28,930.0
35,29,223.0
35,30,382.0
35,31,892.0
35,32,1134.0
35,33,390.0
35,34,1766.0
35,35,1344.0
35,36,745.0
35,37,1477.0
35,38,1050.0
35,39,1003.0
35,40,1503.0
35,41,1485.0
35,42,1037.0
35,43,1641.0
35,44,1297.0
35,45,545.0
35,46,1605.0
35,47,918.0
35,48,892.0
35,49,193.0
35,50,1607.0
35,51,594.0
35,52,935.0
35,53,82.0
35,54,1024.0
35,55,1527.0
35,56,1696.0
35,57,1088.0
35,58,1490.0
35,59,1138.0
35,60,127.0
35,61,1750.0
35,62,374.0
35,63,1071.0
35,64,1284.0
35,65,672.0
35,66,1101.0
35,67,871.0
35,68,1093.0
35,69,736.0
35,70,1368.0
35,71,1643.0
35,72,480.0
35,73,1711.0
35,74,409.0
35,75,871.0
35,76,53.0
35,77,1341.0
35,78,167.0
35,79,391.0
35,80,1025.0
35,81,958.0
35,82,36.0
35,83,1740.0
35,84,1385.0
35,85,779.0
35,86,240.0
35,87,1197.0
35,88,527.0
35,89,922.0
35,90,580.0
35,91,130.0
35,92,1427.0
35,93,1897.0
35,94,672.0
35,95,11.0
35,96,1732.0
35,97,1481.0
35,98,572.0
35,99,87.0
35,100,4.0
36,1,799.0
36,2,1408.0
36,3,508.0
36,4,1298.0
36,5,1401.0
36,6,1384.0
36,7,1597.0
36,8,837.0
36,9,951.0
36,10,1280.0
36,11,1199.0
36,12,1731.0
36,13,1628.0
36,14,1657.0
36,15,611.0
36,16,881.0
36,17,714.0
36,18,1173.0
36,19,8.0
36,20,570.0
36,21,1853.0
36,22,594.0
36,23,1867.0
36,24,1182.0
36,25,662.0
36,26,1039.0
36,27,83.0
36,28,593.0
36,29,465.0
36,30,1287.0
36,31,1026.0
36,32,1874.0
36,33,314.0
36,34,1943.0
36,35,488.0
36,36,1395.0
36,37,1720.0
36,38,1926.0
36,39,1562.0
36,40,1427.0
36,41,1173.0
36,42,636.0
36,43,824.0
36,44,1433.0
36,45,674.0
36,46,1514.0
36,47,1103.0
36,48,1466.0
36,49,1662.0
36,50,1849.0
36,51,1703.0
36,52,839.0
36,53,1069.0
36,54,1175.0
36,55,1636.0
36,56,772.0
36,57,891.0
36,58,1729.0
36,59,195.0
36,60,588.0
36,61,826.0
36,62,1865.0
36,63,4.0
36,64,1231.0
36,65,921.0
36,66,1550.0
36,67,1021.0
36,68,878.0
36,69,1240.0
36,70,1959.0
36,71,139.0
36,72,1085.0
36,73,1690.0
36,74,10.0
36,75,1896.0
36,76,1152.0
36,77,1265.0
36,78,938.0
36,79,253.0
36,80,49.0
36,81,183.0
36,82,409.0
36,83,645.0
36,84,351.0
36,85,851.0
36,86,1941.0
36,87,1434.0
36,88,683.0
36,89,845.0
36,90,708.0
36,91,1156.0
36,92,876.0
36,93,34.0
36,94,484.0
36,95,1014.0
36,96,1670.0
36,97,1842.0
36,98,257.0
36,99,736.0
36,100,583.0
37,1,1967.0
37,2,1185.0
37,3,1039.0
37,4,892.0
37,5,1225.0
37,6,1831.0
37,7,1153.0
37,8,1028.0
37,9,589.0
37,10,546.0
37,11,186.0
37,12,905.0
37,13,347.0
37,14,106.0
37,15,442.0
37,16,1720.0
37,17,1379.0
37,18,409.0
37,19,1157.0
37,20,1889.0
37,21,328.0
37,22,1338.0
37,23,1682.0
37,24,1765.0
37,25,1252.0
37,26,1702.0
37,27,880.0
37,28,1675.0
37,29,1767.0
37,30,319.0
37,31,139.0
37,32,1172.0
37,33,841.0
37,34,1144.0
37,35,895.0
37,36,1330.0
37,37,883.0
37,38,1137.0
37,39,1132.0
37,40,1732.0
37,41,1027.0
37,42,640.0
37,43,1058.0
37,44,1728.0
37,45,665.0
37,46,1730.0
37,47,462.0
37,48,1936.0
37,49,1559.0
37,50,409.0
37,51,1872.0
37,52,1295.0
37,53,779.0
37,54,186.0
37,55,67.0
37,56,1199.0
37,57,1943.0
37,58,795.0
37,59,1290.0
37,60,1915.0
37,61,70.0
37,62,1594.0
37,63,1023.0
37,64,891.0
37,65,107.0
37,66,1581.0
37,67,1396.0
37,68,1358.0
37,69,622.0
37,70,1576.0
37,71,545.0
37,72,1377.0
37,73,509.0
37,74,1415.0
37,75,125.0
37,76,1222.0
37,77,411.0
37,78,1358.0
37,79,1956.0
37,80,1935.0
37,81,1709.0
37,82,936.0
37,83,1445.0
37,84,1235.0
37,85,197.0
37,86,740.0
37,87,577.0
37,88,841.0
37,89,1620.0
37,90,1399.0
37,91,1070.0
37,92,1749.0
37,93,455.0
37,94,223.0
37,95,286.0
37,96,1609.0
37,97,319.0
37,98,1625.0
37,99,751.0
37,100,208.0
38,1,852.0
38,2,1283.0
38,3,650.0
38,4,1770.0
38,5,1743.0
38,6,511.0
38,7,1682.0
38,8,138.0
38,9,1919.0
38,10,68.0
38,11,1339.0
38,12,1799.0
38,13,784.0
38,14,1536.0
38,15,641.0
38,16,1376.0
38,17,292.0
38,18,1383.0
38,19,1919.0
38,20,959.0
38,21,714.0
38,22,411.0
38,23,595.0
38,24,1416.0
38,25,1465.0
38,26,1780.0
38,27,1669.0
38,28,341.0
38,29,479.0
38,30,113.0
38,31,883.0
38,32,304.0
38,33,735.0
38,34,302.0
38,35,1284.0
38,36,1008.0
38,37,826.0
38,38,318.0
38,39,192.0
38,40,1063.0
38,41,1707.0
38,42,846.0
38,43,670.0
38,44,423.0
38,45,155.0
38,46,1012.0
38,47,622.0
38,48,1496.0
38,49,1438.0
38,50,267.0
38,51,1350.0
38,52,542.0
38,53,384.0
38,54,358.0
38,55,1117.0
38,56,635.0
38,57,1296.0
38,58,1748.0
38,59,1248.0
38,60,1659.0
38,61,1031.0
38,62,289.0
38,63,1495.0
38,64,1821.0
38,65,1813.0
38,66,1901.0
38,67,1554.0
38,68,436.0
38,69,1238.0
38,70,1177.0
38,71,426.0
38,72,1545.0
38,73,1339.0
38,74,1587.0
38,75,737.0
38,76,456.0
38,77,81.0
38,78,274.0
38,79,915.0
38,80,705.0
38,81,879.0
38,82,1837.0
38,83,947.0
38,84,1721.0
38,85,254.0
38,86,1565.0
38,87,1550.0
38,88,36.0
38,89,1111.0
38,90,107.0
38,91,1709.0
38,92,290.0
38,93,1500.0
38,94,59.0
38,95,695.0
38,96,862.0
38,97,687.0
38,98,1935.0
38,99,254.0
38,100,446.0
39,1,722.0
39,2,461.0
39,3,648.0
39,4,1135.0
39,5,656.0
39,6,1097.0
39,7,1261.0
39,8,1298.0
39,9,1273.0
39,10,1867.0
39,11,64.0
39,12,1562.0
39,13,1878.0
39,14,1402.0
39,15,669.0
39,16,46.0
39,17,1219.0
39,18,1926.0
39,19,337.0
39,20,36.0
39,21,1882.0
39,22,962.0
39,23,101.0
39,24,62.0
39,25,639.0
39,26,902.0
39,27,523.0
39,28,148.0
39,29,1209.0
39,30,1827.0
39,31,1887.0
39,32,1894.0
39,33,311.0
39,34,1044.0
39,35,703.0
39,36,1070.0
39,37,548.0
39,38,1590.0
39,39,1430.0
39,40,1850.0
39,41,559.0
39,42,1237.0
39,43,1842.0
39,44,331.0
39,45,1950.0
39,46,1880.0
39,47,1378.0
39,48,996.0
39,49,635.0
39,50,218.0
39,51,337.0
39,52,433.0
39,53,1302.0
39,54,397.0
39,55,205.0
39,56,1690.0
39,57,1338.0
39,58,688.0
39,59,422.0
39,60,1793.0
39,61,1446.0
39,62,248.0
39,63,701.0
39,64,637.0
39,65,866.0
39,66,1234.0
39,67,1495.0
39,68,1248.0
39,69,1740.0
39,70,349.0
39,71,1248.0
39,72,624.0
39,73,1592.0
39,74,1022.0
39,75,1910.0
39,76,788.0
39,77,1897.0
39,78,1540.0
39,79,840.0
39,80,1060.0
39,81,252.0
39,82,1273.0
39,83,92.0
39,84,28.0
39,85,1106.0
39,86,1583.0
39,87,1810.0
39,88,581.0
39,89,1543.0
39,90,1511.0
39,91,1664.0
39,92,374.0
39,93,19.0
39,94,978.0
39,95,1918.0
39,96,140.0
39,97,1389.0
39,98,916.0
39,99,1267.0
39,100,1728.0
40,1,275.0
40,2,1112.0
40,3,713.0
40,4,402.0
40,5,913.0
40,6,1530.0
40,7,1237.0
40,8,758.0
40,9,1881.0
40,10,156.0
40,11,313.0
40,12,702.0
40,13,752.0
40,14,1422.0
40,15,286.0
40,16,106.0
40,17,1778.0
40,18,1472.0
40,19,896.0
40,20,1247.0
40,21,426.0
40,22,1355.0
40,23,309.0
40,24,1463.0
40,25,1612.0
40,26,666.0
40,27,1297.0
40,28,247.0
40,29,210.0
40,30,1554.0
40,31,82.0
40,32,143.0
40,33,424.0
40,34,632.0
40,35,521.0
40,36,390.0
40,37,1203.0
40,38,67.0
40,39,673.0
40,40,360.0
40,41,189.0
40,42,1817.0
40,43,1153.0
40,44,754.0
40,45,392.0
40,46,653.0
40,47,1321.0
40,48,973.0
40,49,123.0
40,50,1117.0
40,51,1715.0
40,52,536.0
40,53,1789.0
40,54,492.0
40,55,457.0
40,56,68.0
40,57,1381.0
40,58,541.0
40,59,717.0
40,60,1350.0
40,61,349.0
40,62,681.0
40,63,1770.0
40,64,682.0
40,65,552.0
40,66,767.0
40,67,1694.0
40,68,1384.0
40,69,317.0
40,70,1860.0
40,71,505.0
40,72,672.0
40,73,399.0
40,74,567.0
40,75,1511.0
40,76,764.0
40,77,1006.0
40,78,1680.0
40,79,654.0
40,80,739.0
40,81,1445.0
40,82,597.0
40,83,1223.0
40,84,983.0
40,85,443.0
40,86,922.0
40,87,442.0
40,88,1266.0
40,89,1095.0
40,90,701.0
40,91,1863.0
40,92,1905.0
40,93,1534.0
40,94,1536.0
40,95,111.0
40,96,473.0
40,97,1294.0
40,98,1519.0
40,99,6.0
40,100,1628.0
41,1,393.0
41,2,686.0
41,3,60.0
41,4,102.0
41,5,1617.0
41,6,456.0
41,7,40.0
41,8,592.0
41,9,1271.0
41,10,1270.0
41,11,466.0
41,12,200.0
41,13,1879.0
41,14,1248.0
41,15,1488.0
41,16,1329.0
41,17,367.0
41,18,1516.0
41,19,691.0
41,20,1143.0
41,21,761.0
41,22,1713.0
41,23,1606.0
41,24,1107.0
41,25,331.0
41,26,1819.0
41,27,244.0
41,28,313.0
41,29,1563.0
41,30,651.0
41,31,1861.0
41,32,658.0
41,33,495.0
41,34,1771.0
41,35,432.0
41,36,704.0
41,37,1633.0
41,38,855.0
41,39,407.0
41,40,823.0
41,41,336.0
41,42,788.0
41,43,80.0
41,44,187.0
41,45,1812.0
41,46,819.0
41,47,1579.0
41,48,378.0
41,49,116.0
41,50,564.0
41,51,1831.0
41,52,164.0
41,53,1526.0
41,54,1618.0
41,55,569.0
41,56,585.0
41,57,863.0
41,58,1882.0
41,59,1442.0
41,60,746.0
41,61,452.0
41,62,1689.0
41,63,923.0
41,64,1521.0
41,65,1272.0
41,66,1752.0
41,67,786.0
41,68,1123.0
41,69,479.0
41,70,1669.0
41,71,1520.0
41,72,1654.0
41,73,629.0
41,74,43.0
41,75,1203.0
41,76,32.0
41,77,195.0
41,78,162.0
41,79,453.0
41,80,145.0
41,81,1419.0
41,82,222.0
41,83,177.0
41,84,1268.0
41,85,239.0
41,86,1017.0
41,87,1171.0
41,88,1078.0
41,89,994.0
41,90,1899.0
41,91,732.0
41,92,1365.0
41,93,279.0
41,94,1362.0
41,95,1290.0
41,96,1418.0
41,97,1395.0
41,98,1808.0
41,99,1446.0
41,100,1022.0
42,1,667.0
42,2,1476.0
42,3,248.0
42,4,1383.0
42,5,1575.0
42,6,672.0
42,7,1153.0
42,8,1521.0
42,9,711.0
42,10,1649.0
42,11,208.0
42,12,1786.0
42,13,64.0
42,14,374.0
42,15,890.0
42,16,134.0
42,17,1121.0
42,18,1105.0
42,19,495.0
42,20,874.0
42,21,1329.0
42,22,1752.0
42,23,569.0
42,24,1649.0
42,25,1160.0
42,26,1029.0
42,27,457.0
42,28,1587.0
42,29,322.0
42,30,128.0
42,31,689.0
42,32,1040.0
42,33,976.0
42,34,239.0
42,35,1387.0
42,36,1713.0
42,37,1803.0
42,38,979.0
42,39,266.0
42,40,1831.0
42,41,891.0
42,42,515.0
42,43,103.0
42,44,29.0
42,45,1623.0
42,46,17.0
42,47,1921.0
42,48,742.0
42,49,1949.0
42,50,372.0
42,51,1391.0
42,52,1389.0
42,53,1696.0
42,54,894.0
42,55,1448.0
42,56,916.0
42,57,1174.0
42,58,75.0
42,59,385.0
42,60,1219.0
42,61,573.0
42,62,1038.0
42,63,1327.0
42,64,462.0
42,65,507.0
42,66,524.0
42,67,1704.0
42,68,1662.0
42,69,1006.0
42,70,95.0
42,71,1333.0
42,72,1654.0
42,73,12.0
42,74,81.0
42,75,598.0
42,76,17.0
42,77,1572.0
42,78,1823.0
42,79,1579.0
42,80,167.0
42,81,1744.0
42,82,1006.0
42,83,658.0
42,84,837.0
42,85,679.0
42,86,518.0
42,87,1087.0
42,88,1393.0
42,89,1238.0
42,90,827.0
42,91,314.0
42,92,1082.0
42,93,301.0
42,94,11.0
42,95,1224.0
42,96,551.0
42,97,114.0
42,98,1341.0
42,99,1378.0
42,100,533.0
43,1,669.0
43,2,808.0
43,3,1816.0
43,4,1234.0
43,5,180.0
43,6,1785.0
43,7,895.0
43,8,1325.0
43,9,95.0
43,10,992.0
43,11,1312.0
43,12,944.0
43,13,375.0
43,14,538.0
43,15,1844.0
43,16,1411.0
43,17,1303.0
43,18,1674.0
43,19,1200.0
43,20,1755.0
43,21,137.0
43,22,1340.0
43,23,415.0
43,24,1209.0
43,25,679.0
43,26,1430.0
43,27,735.0
43,28,1903.0
43,29,1296.0
43,30,325.0
43,31,1607.0
43,32,123.0
43,33,366.0
43,34,975.0
43,35,1609.0
43,36,1676.0
43,37,1800.0
43,38,306.0
43,39,1356.0
43,40,865.0
43,41,1661.0
43,42,639.0
43,43,968.0
43,44,1906.0
43,45,1769.0
43,46,422.0
43,47,1262.0
43,48,644.0
43,49,1239.0
43,50,1575.0
43,51,581.0
43,52,1318.0
43,53,1105.0
43,54,328.0
43,55,1284.0
43,56,1107.0
43,57,1783.0
43,58,1558.0
43,59,686.0
43,60,28.0
43,61,511.0
43,62,665.0
43,63,142.0
43,64,1780.0
43,65,1144.0
43,66,1576.0
43,67,923.0
43,68,1553.0
43,69,1293.0
43,70,511.0
43,71,98.0
43,72,42.0
43,73,1104.0
43,74,812.0
43,75,1309.0
43,76,253.0
43,77,1298.0
43,78,864.0
43,79,221.0
43,80,32.0
43,81,1620.0
43,82,304.0
43,83,528.0
43,84,496.0
43,85,283.0
43,86,491.0
43,87,1620.0
43,88,1697.0
43,89,893.0
43,90,1530.0
43,91,187.0
43,92,982.0
43,93,461.0
43,94,1808.0
43,95,1106.0
43,96,401.0
43,97,1293.0
43,98,1389.0
43,99,826.0
43,100,1414.0
44,1,810.0
44,2,387.0
44,3,1146.0
44,4,321.0
44,5,1323.0
44,6,1515.0
44,7,659.0
44,8,889.0
44,9,915.0
44,10,208.0
44,11,1621.0
44,12,1693.0
44,13,664.0
44,14,719.0
44,15,297.0
44,16,248.0
44,17,1622.0
44,18,1300.0
44,19,147.0
44,20,1073.0
44,21,222.0
44,22,1247.0
44,23,575.0
44,24,1348.0
44,25,873.0
44,26,355.0
44,27,850.0
44,28,1383.0
44,29,583.0
44,30,1357.0
44,31,50.0
44,32,1719.0
44,33,1556.0
44,34,203.0
44,35,153.0
44,36,456.0
44,37,1404.0
44,38,1782.0
44,39,188.0
44,40,702.0
44,41,670.0
44,42,564.0
44,43,687.0
44,44,101.0
44,45,1288.0
44,46,1237.0
44,47,316.0
44,48,1649.0
44,49,1237.0
44,50,1049.0
44,51,1737.0
44,52,203.0
44,53,66.0
44,54,1322.0
44,55,1167.0
44,56,1295.0
44,57,26.0
44,58,247.0
44,59,1585.0
44,60,190.0
44,61,330.0
44,62,1220.0
44,63,174.0
44,64,72.0
44,65,171.0
44,66,1174.0
44,67,1247.0
44,68,1342.0
44,69,170.0
44,70,425.0
44,71,232.0
44,72,361.0
44,73,1423.0
44,74,405.0
44,75,102.0
44,76,1781.0
44,77,988.0
44,78,1482.0
44,79,1294.0
44,80,1045.0
44,81,192.0
44,82,21.0
44,83,370.0
44,84,947.0
44,85,948.0
44,86,821.0
44,87,1116.0
44,88,1777.0
44,89,1592.0
44,90,1372.0
44,91,382.0
44,92,525.0
44,93,1166.0
44,94,528.0
44,95,1296.0
44,96,113.0
44,97,588.0
44,98,569.0
44,99,1464.0
44,100,1629.0
45,1,53.0
45,2,1932.0
45,3,1137.0
45,4,1689.0
45,5,1549.0
45,6,285.0
45,7,1822.0
45,8,76.0
45,9,1534.0
45,10,1808.0
45,11,271.0
45,12,288.0
45,13,1179.0
45,14,1416.0
45,15,1724.0
45,16,1052.0
45,17,1565.0
45,18,1112.0
45,19,1420.0
45,20,532.0
45,21,193.0
45,22,332.0
45,23,1510.0
45,24,543.0
45,25,1533.0
45,26,997.0
45,27,1586.0
45,28,144.0
45,29,718.0
45,30,1197.0
45,31,1500.0
45,32,97.0
45,33,352.0
45,34,292.0
45,35,1789.0
45,36,1095.0
45,37,1869.0
45,38,1058.0
45,39,652.0
45,40,428.0
45,41,717.0
45,42,372.0
45,43,866.0
45,44,1291.0
45,45,163.0
45,46,1706.0
45,47,906.0
45,48,967.0
45,49,1160.0
45,50,463.0
45,51,436.0
45,52,95.0
45,53,14.0
45,54,1393.0
45,55,800.0
45,56,154.0
45,57,1820.0
45,58,1147.0
45,59,1809.0
45,60,116.0
45,61,1268.0
45,62,85.0
45,63,332.0
45,64,1456.0
45,65,812.0
45,66,1957.0
45,67,1279.0
45,68,1167.0
45,69,284.0
45,70,1301.0
45,71,829.0
45,72,1866.0
45,73,1756.0
45,74,730.0
45,75,1717.0
45,76,1907.0
45,77,293.0
45,78,1909.0
45,79,105.0
45,80,376.0
45,81,496.0
45,82,531.0
45,83,371.0
45,84,80.0
45,85,218.0
45,86,1547.0
45,87,627.0
45,88,792.0
45,89,1351.0
45,90,1792.0
45,91,1256.0
45,92,1476.0
45,93,1091.0
45,94,1665.0
45,95,825.0
45,96,20.0
45,97,829.0
45,98,938.0
45,99,604.0
45,100,785.0
46,1,1635.0
46,2,823.0
46,3,1781.0
46,4,1096.0
46,5,1075.0
46,6,64.0
46,7,370.0
46,8,1786.0
46,9,687.0
46,10,74.0
46,11,1518.0
46,12,702.0
46,13,608.0
46,14,923.0
46,15,697.0
46,16,730.0
46,17,233.0
46,18,1007.0
46,19,1061.0
46,20,1166.0
46,21,570.0
46,22,1160.0
46,23,1547.0
46,24,976.0
46,25,608.0
46,26,1369.0
46,27,1528.0
46,28,1068.0
46,29,1080.0
46,30,1111.0
46,31,367.0
46,32,561.0
46,33,1234.0
46,34,544.0
46,35,695.0
46,36,424.0
46,37,729.0
46,38,730.0
46,39,1468.0
46,40,491.0
46,41,109.0
46,42,1149.0
46,43,600.0
46,44,909.0
46,45,1811.0
46,46,305.0
46,47,1316.0
46,48,1683.0
46,49,1783.0
46,50,672.0
46,51,1378.0
46,52,218.0
46,53,981.0
46,54,372.0
46,55,372.0
46,56,603.0
46,57,1104.0
46,58,802.0
46,59,1523.0
46,60,1425.0
46,61,961.0
46,62,1827.0
46,63,1326.0
46,64,445.0
46,65,1441.0
46,66,1711.0
46,67,544.0
46,68,4.0
46,69,39.0
46,70,846.0
46,71,201.0
46,72,1551.0
46,73,853.0
46,74,624.0
46,75,1554.0
46,76,807.0
46,77,1544.0
46,78,563.0
46,79,1684.0
46,80,474.0
46,81,1229.0
46,82,536.0
46,83,822.0
46,84,219.0
46,85,71.0
46,86,122.0
46,87,278.0
46,88,889.0
46,89,1737.0
46,90,959.0
46,91,124.0
46,92,1734.0
46,93,1183.0
46,94,208.0
46,95,4.0
46,96,663.0
46,97,844.0
46,98,1288.0
46,99,252.0
46,100,1784.0
47,1,172.0
47,2,119.0
47,3,1122.0
47,4,166.0
47,5,1283.0
47,6,1498.0
47,7,1600.0
47,8,448.0
47,9,1006.0
47,10,883.0
47,11,133.0
47,12,1564.0
47,13,1332.0
47,14,1355.0
47,15,1682.0
47,16,494.0
47,17,1366.0
47,18,1121.0
47,19,1731.0
47,20,1478.0
47,21,1828.0
47,22,1324.0
47,23,414.0
47,24,346.0
47,25,663.0
47,26,1131.0
47,27,659.0
47,28,625.0
47,29,642.0
47,30,472.0
47,31,1095.0
47,32,892.0
47,33,843.0
47,34,534.0
47,35,1115.0
47,36,389.0
47,37,1023.0
47,38,516.0
47,39,1185.0
47,40,191.0
47,41,174.0
47,42,1368.0
47,43,1226.0
47,44,1196.0
47,45,211.0
47,46,22.0
47,47,697.0
47,48,794.0
47,49,750.0
47,50,1365.0
47,51,1204.0
47,52,747.0
47,53,756.0
47,54,1171.0
47,55,263.0
47,56,872.0
47,57,64.0
47,58,1659.0
47,59,1195.0
47,60,1607.0
47,61,1701.0
47,62,458.0
47,63,249.0
47,64,710.0
47,65,1749.0
47,66,1885.0
47,67,239.0
47,68,461.0
47,69,291.0
47,70,1001.0
47,71,33.0
47,72,1190.0
47,73,1242.0
47,74,1625.0
47,75,513.0
47,76,1062.0
47,77,819.0
47,78,1123.0
47,79,171.0
47,80,667.0
47,81,520.0
47,82,412.0
47,83,1102.0
47,84,1793.0
47,85,913.0
47,86,132.0
47,87,117.0
47,88,151.0
47,89,566.0
47,90,684.0
47,91,48.0
47,92,129.0
47,93,708.0
47,94,456.0
47,95,973.0
47,96,814.0
47,97,1638.0
47,98,539.0
47,99,695.0
47,100,527.0
48,1,1346.0
48,2,1520.0
48,3,586.0
48,4,1568.0
48,5,1984.0
48,6,1477.0
48,7,693.0
48,8,872.0
48,9,1124.0
48,10,148.0
48,11,767.0
48,12,111.0
48,13,1184.0
48,14,859.0
48,15,489.0
48,16,344.0
48,17,1798.0
48,18,244.0
48,19,62.0
48,20,596.0
48,21,1920.0
48,22,758.0
48,23,1089.0
48,24,1401.0
48,25,247.0
48,26,917.0
48,27,930.0
48,28,894.0
48,29,1390.0
48,30,962.0
48,31,1706.0
48,32,748.0
48,33,465.0
48,34,1233.0
48,35,148.0
48,36,231.0
48,37,1191.0
48,38,1599.0
48,39,1501.0
48,40,1714.0
48,41,15.0
48,42,420.0
48,43,513.0
48,44,1215.0
48,45,1270.0
48,46,103.0
48,47,699.0
48,48,397.0
48,49,1709.0
48,50,1030.0
48,51,1708.0
48,52,533.0
48,53,783.0
48,54,373.0
48,55,941.0
48,56,717.0
48,57,1958.0
48,58,272.0
48,59,1034.0
48,60,1930.0
48,61,467.0
48,62,970.0
48,63,1809.0
48,64,67.0
48,65,1952.0
48,66,1986.0
48,67,648.0
48,68,1931.0
48,69,1070.0
48,70,966.0
48,71,539.0
48,72,1321.0
48,73,121.0
48,74,320.0
48,75,682.0
48,76,1335.0
48,77,1221.0
48,78,1055.0
48,79,906.0
48,80,296.0
48,81,366.0
48,82,43.0
48,83,1516.0
48,84,1110.0
48,85,29.0
48,86,305.0
48,87,1971.0
48,88,1278.0
48,89,1609.0
48,90,1615.0
48,91,1470.0
48,92,1654.0
48,93,1399.0
48,94,1954.0
48,95,9.0
48,96,435.0
48,97,460.0
48,98,1742.0
48,99,1989.0
48,100,1967.0
49,1,79.0
49,2,1897.0
49,3,350.0
49,4,1161.0
49,5,563.0
49,6,337.0
49,7,1613.0
49,8,1432.0
49,9,727.0
49,10,1166.0
49,11,1617.0
49,12,1210.0
49,13,1740.0
49,14,172.0
49,15,143.0
49,16,1319.0
49,17,55.0
49,18,1095.0
49,19,1227.0
49,20,174.0
49,21,760.0
49,22,191.0
49,23,1925.0
49,24,1248.0
49,25,245.0
49,26,908.0
49,27,528.0
49,28,795.0
49,29,168.0
49,30,1797.0
49,31,107.0
49,32,1931.0
49,33,189.0
49,34,78.0
49,35,51.0
49,36,1247.0
49,37,1818.0
49,38,371.0
49,39,1391.0
49,40,1629.0
49,41,1813.0
49,42,1523.0
49,43,1619.0
49,44,766.0
49,45,1178.0
49,46,231.0
49,47,1013.0
49,48,292.0
49,49,747.0
49,50,1148.0
49,51,1067.0
49,52,1218.0
49,53,1060.0
49,54,1651.0
49,55,1341.0
49,56,1443.0
49,57,1306.0
49,58,532.0
49,59,1455.0
49,60,532.0
49,61,74.0
49,62,1222.0
49,63,421.0
49,64,900.0
49,65,175.0
49,66,488.0
49,67,960.0
49,68,1142.0
49,69,6.0
49,70,1478.0
49,71,852.0
49,72,694.0
49,73,1310.0
49,74,428.0
49,75,1320.0
49,76,908.0
49,77,288.0
49,78,1366.0
49,79,1231.0
49,80,434.0
49,81,151.0
49,82,347.0
49,83,696.0
49,84,564.0
49,85,1329.0
49,86,131.0
49,87,202.0
49,88,1321.0
49,89,113.0
49,90,18.0
49,91,254.0
49,92,1880.0
49,93,1652.0
49,94,1422.0
49,95,511.0
49,96,347.0
49,97,942.0
49,98,1165.0
49,99,1692.0
49,100,1383.0
50,1,583.0
50,2,1345.0
50,3,898.0
50,4,1524.0
50,5,463.0
50,6,1576.0
50,7,1582.0
50,8,406.0
50,9,1662.0
50,10,1676.0
50,11,1369.0
50,12,984.0
50,13,844.0
50,14,1235.0
50,15,1880.0
50,16,1506.0
50,17,349.0
50,18,1506.0
50,19,154.0
50,20,617.0
50,21,999.0
50,22,1078.0
50,23,161.0
50,24,238.0
50,25,436.0
50,26,1847.0
50,27,1831.0
50,28,1256.0
50,29,361.0
50,30,1598.0
50,31,119.0
50,32,883.0
50,33,919.0
50,34,1706.0
50,35,1892.0
50,36,1092.0
50,37,1470.0
50,38,1352.0
50,39,881.0
50,40,1504.0
50,41,459.0
50,42,1865.0
50,43,1471.0
50,44,1509.0
50,45,1662.0
50,46,382.0
50,47,1569.0
50,48,119.0
50,49,812.0
50,50,913.0
50,51,498.0
50,52,1516.0
50,53,1627.0
50,54,719.0
50,55,1924.0
50,56,438.0
50,57,990.0
50,58,29.0
50,59,352.0
50,60,608.0
50,61,1470.0
50,62,528.0
50,63,1044.0
50,64,526.0
50,65,1649.0
50,66,1348.0
50,67,612.0
50,68,140.0
50,69,691.0
50,70,872.0
50,71,841.0
50,72,1516.0
50,73,1125.0
50,74,1187.0
50,75,1183.0
50,76,1343.0
50,77,1599.0
50,78,845.0
50,79,1301.0
50,80,526.0
50,81,487.0
50,82,122.0
50,83,726.0
50,84,503.0
50,85,1408.0
50,86,696.0
50,87,253.0
50,88,512.0
50,89,962.0
50,90,1781.0
50,91,327.0
50,92,20.0
50,93,1697.0
50,94,1103.0
50,95,498.0
50,96,587.0
50,97,1437.0
50,98,56.0
50,99,894.0
50,100,940.0
51,1,1670.0
51,2,1871.0
51,3,339.0
51,4,1165.0
51,5,1114.0
51,6,1939.0
51,7,1720.0
51,8,1468.0
51,9,173.0
51,10,1153.0
51,11,1034.0
51,12,1396.0
51,13,1315.0
51,14,1058.0
51,15,373.0
51,16,267.0
51,17,1800.0
51,18,1758.0
51,19,932.0
51,20,899.0
51,21,1537.0
51,22,1070.0
51,23,1459.0
51,24,1878.0
51,25,1422.0
51,26,1589.0
51,27,1448.0
51,28,1821.0
51,29,1159.0
51,30,1945.0
51,31,1486.0
51,32,1835.0
51,33,582.0
51,34,310.0
51,35,664.0
51,36,710.0
51,37,1079.0
51,38,1851.0
51,39,1152.0
51,40,658.0
51,41,1693.0
51,42,1275.0
51,43,1657.0
51,44,1348.0
51,45,965.0
51,46,493.0
51,47,556.0
51,48,516.0
51,49,1945.0
51,50,1589.0
51,51,850.0
51,52,513.0
51,53,928.0
51,54,917.0
51,55,1196.0
51,56,138.0
51,57,161.0
51,58,1261.0
51,59,143.0
51,60,438.0
51,61,1252.0
51,62,1809.0
51,63,542.0
51,64,202.0
51,65,1371.0
51,66,435.0
51,67,1446.0
51,68,404.0
51,69,558.0
51,70,1302.0
51,71,1919.0
51,72,428.0
51,73,545.0
51,74,297.0
51,75,1720.0
51,76,1143.0
51,77,160.0
51,78,288.0
51,79,206.0
51,80,1567.0
51,81,1191.0
51,82,1038.0
51,83,485.0
51,84,113.0
51,85,985.0
51,86,498.0
51,87,1320.0
51,88,204.0
51,89,544.0
51,90,1655.0
51,91,30.0
51,92,1141.0
51,93,1148.0
51,94,1465.0
51,95,1105.0
51,96,107.0
51,97,1627.0
51,98,1774.0
51,99,350.0
51,100,1177.0
52,1,902.0
52,2,278.0
52,3,1466.0
52,4,614.0
52,5,770.0
52,6,380.0
52,7,1517.0
52,8,306.0
52,9,1536.0
52,10,359.0
52,11,1603.0
52,12,789.0
52,13,1475.0
52,14,1210.0
52,15,1143.0
52,16,1875.0
52,17,553.0
52,18,1008.0
52,19,1114.0
52,20,1565.0
52,21,880.0
52,22,17.0
52,23,1350.0
52,24,1731.0
52,25,95.0
52,26,31.0
52,27,408.0
52,28,1741.0
52,29,829.0
52,30,583.0
52,31,1461.0
52,32,1798.0
52,33,462.0
52,34,1091.0
52,35,947.0
52,36,852.0
52,37,1129.0
52,38,605.0
52,39,1792.0
52,40,859.0
52,41,1301.0
52,42,694.0
52,43,1142.0
52,44,1120.0
52,45,768.0
52,46,1253.0
52,47,1221.0
52,48,1413.0
52,49,303.0
52,50,1480.0
52,51,1188.0
52,52,1778.0
52,53,570.0
52,54,1557.0
52,55,474.0
52,56,1397.0
52,57,441.0
52,58,941.0
52,59,1191.0
52,60,1866.0
52,61,376.0
52,62,1364.0
52,63,500.0
52,64,1884.0
52,65,1819.0
52,66,192.0
52,67,328.0
52,68,1072.0
52,69,1411.0
52,70,1302.0
52,71,207.0
52,72,1418.0
52,73,589.0
52,74,144.0
52,75,684.0
52,76,1327.0
52,77,1018.0
52,78,1488.0
52,79,1120.0
52,80,371.0
52,81,201.0
52,82,1130.0
52,83,891.0
52,84,137.0
52,85,963.0
52,86,951.0
52,87,733.0
52,88,1692.0
52,89,1411.0
52,90,1361.0
52,91,1287.0
52,92,1751.0
52,93,707.0
52,94,1014.0
52,95,921.0
52,96,1404.0
52,97,1191.0
52,98,222.0
52,99,560.0
52,100,1720.0
53,1,1571.0
53,2,804.0
53,3,872.0
53,4,1248.0
53,5,1150.0
53,6,1690.0
53,7,880.0
53,8,1210.0
53,9,830.0
53,10,1858.0
53,11,63.0
53,12,87.0
53,13,69.0
53,14,161.0
53,15,1845.0
53,16,1890.0
53,17,1154.0
53,18,585.0
53,19,502.0
53,20,1462.0
53,21,895.0
53,22,1013.0
53,23,1146.0
53,24,994.0
53,25,887.0
53,26,1421.0
53,27,1881.0
53,28,1354.0
53,29,1749.0
53,30,464.0
53,31,1287.0
53,32,211.0
53,33,948.0
53,34,1045.0
53,35,1199.0
53,36,667.0
53,37,1060.0
53,38,1140.0
53,39,1616.0
53,40,78.0
53,41,1398.0
53,42,791.0
53,43,1018.0
53,44,1541.0
53,45,1195.0
53,46,1855.0
53,47,1383.0
53,48,1528.0
53,49,309.0
53,50,287.0
53,51,1154.0
53,52,569.0
53,53,1342.0
53,54,1705.0
53,55,1237.0
53,56,674.0
53,57,352.0
53,58,702.0
53,59,701.0
53,60,876.0
53,61,1211.0
53,62,597.0
53,63,287.0
53,64,1639.0
53,65,532.0
53,66,308.0
53,67,1590.0
53,68,279.0
53,69,1364.0
53,70,9.0
53,71,6.0
53,72,562.0
53,73,1372.0
53,74,1864.0
53,75,1371.0
53,76,305.0
53,77,1492.0
53,78,535.0
53,79,351.0
53,80,1119.0
53,81,427.0
53,82,858.0
53,83,1647.0
53,84,1003.0
53,85,1031.0
53,86,411.0
53,87,681.0
53,88,1513.0
53,89,537.0
53,90,1476.0
53,91,1160.0
53,92,1179.0
53,93,1461.0
53,94,1521.0
53,95,1932.0
53,96,700.0
53,97,1427.0
53,98,787.0
53,99,783.0
53,100,1229.0
54,1,782.0
54,2,1229.0
54,3,817.0
54,4,1317.0
54,5,707.0
54,6,672.0
54,7,1812.0
54,8,1098.0
54,9,1254.0
54,10,83.0
54,11,922.0
54,12,1005.0
54,13,299.0
54,14,1597.0
54,15,1128.0
54,16,1747.0
54,17,808.0
54,18,1073.0
54,19,658.0
54,20,1475.0
54,21,1157.0
54,22,1852.0
54,23,621.0
54,24,537.0
54,25,1317.0
54,26,1335.0
54,27,67.0
54,28,1401.0
54,29,404.0
54,30,333.0
54,31,995.0
54,32,353.0
54,33,152.0
54,34,694.0
54,35,4.0
54,36,1253.0
54,37,1728.0
54,38,291.0
54,39,216.0
54,40,450.0
54,41,280.0
54,42,1049.0
54,43,1377.0
54,44,1831.0
54,45,997.0
54,46,1069.0
54,47,1417.0
54,48,897.0
54,49,106.0
54,50,1508.0
54,51,1209.0
54,52,349.0
54,53,1113.0
54,54,1102.0
54,55,556.0
54,56,1344.0
54,57,19.0
54,58,454.0
54,59,30.0
54,60,1121.0
54,61,427.0
54,62,1856.0
54,63,694.0
54,64,1679.0
54,65,1906.0
54,66,1205.0
54,67,341.0
54,68,1207.0
54,69,1260.0
54,70,1474.0
54,71,285.0
54,72,725.0
54,73,1565.0
54,74,429.0
54,75,1297.0
54,76,434.0
54,77,1130.0
54,78,383.0
54,79,860.0
54,80,1423.0
54,81,815.0
54,82,483.0
54,83,645.0
54,84,87.0
54,85,424.0
54,86,1817.0
54,87,1411.0
54,88,1141.0
54,89,119.0
54,90,705.0
54,91,1365.0
54,92,1032.0
54,93,385.0
54,94,526.0
54,95,888.0
54,96,979.0
54,97,1050.0
54,98,778.0
54,99,345.0
54,100,1179.0
55,1,576.0
55,2,716.0
55,3,1623.0
55,4,874.0
55,5,1639.0
55,6,1457.0
55,7,622.0
55,8,508.0
55,9,1625.0
55,10,683.0
55,11,1462.0
55,12,418.0
55,13,780.0
55,14,1898.0
55,15,1051.0
55,16,1115.0
55,17,546.0
55,18,979.0
55,19,1331.0
55,20,1648.0
55,21,1214.0
55,22,761.0
55,23,277.0
55,24,131.0
55,25,1686.0
55,26,1672.0
55,27,273.0
55,28,684.0
55,29,355.0
55,30,280.0
55,31,1237.0
55,32,1651.0
55,33,872.0
55,34,493.0
55,35,1277.0
55,36,1111.0
55,37,1513.0
55,38,1445.0
55,39,751.0
55,40,1047.0
55,41,112.0
55,42,1108.0
55,43,1025.0
55,44,1230.0
55,45,1295.0
55,46,1189.0
55,47,570.0
55,48,1553.0
55,49,655.0
55,50,607.0
55,51,1070.0
55,52,998.0
55,53,156.0
55,54,1792.0
55,55,441.0
55,56,1766.0
55,57,1776.0
55,58,847.0
55,59,576.0
55,60,1456.0
55,61,237.0
55,62,1278.0
55,63,1891.0
55,64,1343.0
55,65,1844.0
55,66,1697.0
55,67,1777.0
55,68,1608.0
55,69,562.0
55,70,503.0
55,71,1035.0
55,72,1610.0
55,73,1523.0
55,74,1428.0
55,75,614.0
55,76,1339.0
55,77,197.0
55,78,1525.0
55,79,1432.0
55,80,1423.0
55,81,500.0
55,82,1550.0
55,83,1664.0
55,84,1804.0
55,85,1337.0
55,86,1118.0
55,87,1546.0
55,88,1500.0
55,89,895.0
55,90,1066.0
55,91,478.0
55,92,1842.0
55,93,235.0
55,94,1349.0
55,95,385.0
55,96,78.0
55,97,1464.0
55,98,1491.0
55,99,578.0
55,100,558.0
56,1,1138.0
56,2,638.0
56,3,774.0
56,4,907.0
56,5,1661.0
56,6,434.0
56,7,200.0
56,8,301.0
56,9,808.0
56,10,1162.0
56,11,1869.0
56,12,1628.0
56,13,1456.0
56,14,700.0
56,15,173.0
56,16,690.0
56,17,909.0
56,18,1936.0
56,19,44.0
56,20,1437.0
56,21,848.0
56,22,365.0
56,23,1914.0
56,24,1330.0
56,25,1093.0
56,26,392.0
56,27,435.0
56,28,1680.0
56,29,1258.0
56,30,1600.0
56,31,1356.0
56,32,854.0
56,33,772.0
56,34,1461.0
56,35,891.0
56,36,1803.0
56,37,1354.0
56,38,493.0
56,39,888.0
56,40,1732.0
56,41,1538.0
56,42,298.0
56,43,1815.0
56,44,499.0
56,45,19.0
56,46,757.0
56,47,1112.0
56,48,1850.0
56,49,881.0
56,50,1431.0
56,51,926.0
56,52,109.0
56,53,900.0
56,54,877.0
56,55,967.0
56,56,660.0
56,57,1616.0
56,58,200.0
56,59,982.0
56,60,1226.0
56,61,259.0
56,62,1490.0
56,63,715.0
56,64,118.0
56,65,1029.0
56,66,1517.0
56,67,782.0
56,68,1601.0
56,69,1941.0
56,70,1061.0
56,71,961.0
56,72,1432.0
56,73,1616.0
56,74,637.0
56,75,627.0
56,76,837.0
56,77,1898.0
56,78,630.0
56,79,1452.0
56,80,159.0
56,81,1928.0
56,82,309.0
56,83,137.0
56,84,1847.0
56,85,1200.0
56,86,1768.0
56,87,1613.0
56,88,1901.0
56,89,1020.0
56,90,1045.0
56,91,744.0
56,92,1379.0
56,93,448.0
56,94,1235.0
56,95,1470.0
56,96,1336.0
56,97,1110.0
56,98,560.0
56,99,199.0
56,100,674.0
57,1,730.0
57,2,1594.0
57,3,716.0
57,4,782.0
57,5,248.0
57,6,1197.0
57,7,1466.0
57,8,1716.0
57,9,1243.0
57,10,495.0
57,11,1003.0
57,12,175.0
57,13,1851.0
57,14,1064.0
57,15,628.0
57,16,810.0
57,17,927.0
57,18,1328.0
57,19,495.0
57,20,1790.0
57,21,397.0
57,22,201.0
57,23,866.0
57,24,1041.0
57,25,694.0
57,26,1827.0
57,27,869.0
57,28,298.0
57,29,992.0
57,30,706.0
57,31,1829.0
57,32,1125.0
57,33,685.0
57,34,639.0
57,35,1704.0
57,36,699.0
57,37,1016.0
57,38,1746.0
57,39,1308.0
57,40,1638.0
57,41,1289.0
57,42,766.0
57,43,1718.0
57,44,572.0
57,45,963.0
57,46,584.0
57,47,1243.0
57,48,410.0
57,49,1322.0
57,50,678.0
57,51,149.0
57,52,1415.0
57,53,1790.0
57,54,1182.0
57,55,373.0
57,56,1397.0
57,57,1670.0
57,58,1605.0
57,59,1651.0
57,60,1392.0
57,61,1506.0
57,62,1435.0
57,63,1891.0
57,64,935.0
57,65,1435.0
57,66,692.0
57,67,1267.0
57,68,177.0
57,69,1435.0
57,70,12.0
57,71,1469.0
57,72,862.0
57,73,529.0
57,74,210.0
57,75,1730.0
57,76,1894.0
57,77,1515.0
57,78,336.0
57,79,1460.0
57,80,1864.0
57,81,817.0
57,82,802.0
57,83,246.0
57,84,289.0
57,85,1481.0
57,86,1709.0
57,87,1618.0
57,88,490.0
57,89,567.0
57,90,596.0
57,91,570.0
57,92,158.0
57,93,1709.0
57,94,519.0
57,95,917.0
57,96,429.0
57,97,683.0
57,98,13.0
57,99,1626.0
57,100,1728.0
58,1,912.0
58,2,804.0
58,3,1614.0
58,4,1728.0
58,5,1781.0
58,6,858.0
58,7,997.0
58,8,972.0
58,9,1393.0
58,10,552.0
58,11,905.0
58,12,905.0
58,13,342.0
58,14,397.0
58,15,1261.0
58,16,865.0
58,17,163.0
58,18,1193.0
58,19,652.0
58,20,695.0
58,21,244.0
58,22,1796.0
58,23,1014.0
58,24,706.0
58,25,45.0
58,26,630.0
58,27,368.0
58,28,418.0
58,29,39.0
58,30,1405.0
58,31,94.0
58,32,1191.0
58,33,1462.0
58,34,637.0
58,35,871.0
58,36,905.0
58,37,74.0
58,38,597.0
58,39,1706.0
58,40,1669.0
58,41,296.0
58,42,522.0
58,43,180.0
58,44,1387.0
58,45,431.0
58,46,1795.0
58,47,438.0
58,48,1742.0
58,49,53.0
58,50,1964.0
58,51,1859.0
58,52,1115.0
58,53,866.0
58,54,708.0
58,55,191.0
58,56,1873.0
58,57,1898.0
58,58,893.0
58,59,798.0
58,60,97.0
58,61,332.0
58,62,1154.0
58,63,60.0
58,64,1112.0
58,65,1769.0
58,66,1734.0
58,67,571.0
58,68,1023.0
58,69,424.0
58,70,85.0
58,71,149.0
58,72,608.0
58,73,143.0
58,74,368.0
58,75,91.0
58,76,1410.0
58,77,798.0
58,78,459.0
58,79,956.0
58,80,1598.0
58,81,267.0
58,82,854.0
58,83,1757.0
58,84,51.0
58,85,1513.0
58,86,1867.0
58,87,1841.0
58,88,897.0
58,89,42.0
58,90,225.0
58,91,738.0
58,92,1250.0
58,93,1953.0
58,94,1170.0
58,95,1429.0
58,96,1724.0
58,97,1552.0
58,98,148.0
58,99,576.0
58,100,1822.0
59,1,820.0
59,2,1365.0
59,3,964.0
59,4,12.0
59,5,1428.0
59,6,1408.0
59,7,307.0
59,8,242.0
59,9,1441.0
59,10,1776.0
59,11,1893.0
59,12,886.0
59,13,1537.0
59,14,1056.0
59,15,1692.0
59,16,226.0
59,17,565.0
59,18,257.0
59,19,182.0
59,20,1636.0
59,21,493.0
59,22,90.0
59,23,1499.0
59,24,1829.0
59,25,1216.0
59,26,91.0
59,27,868.0
59,28,203.0
59,29,494.0
59,30,34.0
59,31,291.0
59,32,547.0
59,33,171.0
59,34,391.0
59,35,653.0
59,36,1161.0
59,37,1215.0
59,38,1309.0
59,39,1702.0
59,40,1102.0
59,41,1901.0
59,42,1339.0
59,43,277.0
59,44,1043.0
59,45,1076.0
59,46,801.0
59,47,798.0
59,48,1507.0
59,49,1104.0
59,50,1141.0
59,51,1721.0
59,52,671.0
59,53,442.0
59,54,1084.0
59,55,1068.0
59,56,1913.0
59,57,1106.0
59,58,529.0
59,59,1483.0
59,60,1606.0
59,61,1480.0
59,62,186.0
59,63,1697.0
59,64,1429.0
59,65,1773.0
59,66,1438.0
59,67,875.0
59,68,557.0
59,69,1692.0
59,70,1454.0
59,71,1125.0
59,72,756.0
59,73,962.0
59,74,1374.0
59,75,1744.0
59,76,376.0
59,77,1402.0
59,78,1430.0
59,79,954.0
59,80,935.0
59,81,1821.0
59,82,555.0
59,83,202.0
59,84,291.0
59,85,1799.0
59,86,108.0
59,87,1485.0
59,88,246.0
59,89,821.0
59,90,190.0
59,91,1366.0
59,92,1013.0
59,93,890.0
59,94,994.0
59,95,1773.0
59,96,788.0
59,97,1207.0
59,98,395.0
59,99,848.0
59,100,1021.0
60,1,1146.0
60,2,363.0
60,3,1851.0
60,4,228.0
60,5,1042.0
60,6,974.0
60,7,1357.0
60,8,796.0
60,9,245.0
60,10,1424.0
60,11,262.0
60,12,363.0
60,13,1000.0
60,14,801.0
60,15,299.0
60,16,691.0
60,17,1066.0
60,18,1109.0
60,19,920.0
60,20,1828.0
60,21,584.0
60,22,107.0
60,23,14.0
60,24,588.0
60,25,1521.0
60,26,1345.0
60,27,1332.0
60,28,213.0
60,29,987.0
60,30,1691.0
60,31,118.0
60,32,1546.0
60,33,1590.0
60,34,1689.0
60,35,279.0
60,36,100.0
60,37,924.0
60,38,560.0
60,39,1227.0
60,40,1517.0
60,41,1401.0
60,42,1432.0
60,43,1383.0
60,44,415.0
60,45,814.0
60,46,593.0
60,47,211.0
60,48,522.0
60,49,1141.0
60,50,1250.0
60,51,1212.0
60,52,1688.0
60,53,826.0
60,54,1251.0
60,55,608.0
60,56,807.0
60,57,809.0
60,58,292.0
60,59,118.0
60,60,1074.0
60,61,1110.0
60,62,433.0
60,63,478.0
60,64,102.0
60,65,867.0
60,66,1210.0
60,67,1903.0
60,68,560.0
60,69,680.0
60,70,1543.0
60,71,1763.0
60,72,28.0
60,73,126.0
60,74,1439.0
60,75,335.0
60,76,1893.0
60,77,28.0
60,78,1573.0
60,79,1841.0
60,80,641.0
60,81,927.0
60,82,1046.0
60,83,43.0
60,84,335.0
60,85,1153.0
60,86,692.0
60,87,1760.0
60,88,1671.0
60,89,12.0
60,90,438.0
60,91,494.0
60,92,814.0
60,93,355.0
60,94,449.0
60,95,1334.0
60,96,360.0
60,97,1615.0
60,98,1899.0
60,99,1674.0
60,100,1320.0
61,1,1357.0
61,2,70.0
61,3,377.0
61,4,139.0
61,5,1557.0
61,6,15.0
61,7,933.0
61,8,325.0
61,9,1445.0
61,10,1415.0
61,11,625.0
61,12,981.0
61,13,1067.0
61,14,1552.0
61,15,520.0
61,16,1612.0
61,17,132.0
61,18,1508.0
61,19,1002.0
61,20,35.0
61,21,1586.0
61,22,1345.0
61,23,1538.0
61,24,1113.0
61,25,339.0
61,26,1401.0
61,27,1811.0
61,28,1239.0
61,29,1440.0
61,30,1097.0
61,31,960.0
61,32,437.0
61,33,1189.0
61,34,1575.0
61,35,1932.0
61,36,409.0
61,37,1810.0
61,38,726.0
61,39,779.0
61,40,474.0
61,41,1498.0
61,42,716.0
61,43,355.0
61,44,126.0
61,45,1005.0
61,46,758.0
61,47,1574.0
61,48,900.0
61,49,877.0
61,50,1753.0
61,51,137.0
61,52,158.0
61,53,1181.0
61,54,462.0
61,55,286.0
61,56,1550.0
61,57,1118.0
61,58,269.0
61,59,1887.0
61,60,605.0
61,61,1753.0
61,62,915.0
61,63,1723.0
61,64,1022.0
61,65,1301.0
61,66,1002.0
61,67,168.0
61,68,427.0
61,69,166.0
61,70,924.0
61,71,1238.0
61,72,393.0
61,73,629.0
61,74,512.0
61,75,1939.0
61,76,1406.0
61,77,404.0
61,78,1309.0
61,79,1921.0
61,80,184.0
61,81,1639.0
61,82,846.0
61,83,883.0
61,84,1473.0
61,85,1358.0
61,86,1626.0
61,87,1696.0
61,88,158.0
61,89,270.0
61,90,1224.0
61,91,705.0
61,92,1341.0
61,93,543.0
61,94,1657.0
61,95,1570.0
61,96,610.0
61,97,1811.0
61,98,160.0
61,99,1307.0
61,100,18.0
62,1,333.0
62,2,816.0
62,3,1061.0
62,4,1299.0
62,5,1706.0
62,6,1013.0
62,7,1532.0
62,8,522.0
62,9,930.0
62,10,240.0
62,11,1117.0
62,12,1355.0
62,13,1656.0
62,14,801.0
62,15,1576.0
62,16,713.0
62,17,1638.0
62,18,1863.0
62,19,1000.0
62,20,553.0
62,21,1555.0
62,22,608.0
62,23,389.0
62,24,1596.0
62,25,1165.0
62,26,335.0
62,27,1423.0
62,28,1477.0
62,29,71.0
62,30,990.0
62,31,341.0
62,32,1696.0
62,33,1298.0
62,34,499.0
62,35,911.0
62,36,1655.0
62,37,1511.0
62,38,341.0
62,39,101.0
62,40,317.0
62,41,697.0
62,42,1515.0
62,43,1531.0
62,44,1876.0
62,45,1114.0
62,46,1326.0
62,47,1390.0
62,48,610.0
62,49,1353.0
62,50,497.0
62,51,1235.0
62,52,1402.0
62,53,1440.0
62,54,375.0
62,55,1854.0
62,56,897.0
62,57,874.0
62,58,808.0
62,59,1421.0
62,60,1126.0
62,61,264.0
62,62,1465.0
62,63,1157.0
62,64,1001.0
62,65,599.0
62,66,477.0
62,67,1609.0
62,68,225.0
62,69,294.0
62,70,1374.0
62,71,915.0
62,72,1141.0
62,73,211.0
62,74,21.0
62,75,318.0
62,76,290.0
62,77,1103.0
62,78,1905.0
62,79,1009.0
62,80,1580.0
62,81,489.0
62,82,717.0
62,83,1063.0
62,84,365.0
62,85,1586.0
62,86,469.0
62,87,1538.0
62,88,12.0
62,89,85.0
62,90,490.0
62,91,1391.0
62,92,581.0
62,93,398.0
62,94,252.0
62,95,843.0
62,96,705.0
62,97,1372.0
62,98,616.0
62,99,413.0
62,100,1916.0
63,1,671.0
63,2,1455.0
63,3,532.0
63,4,184.0
63,5,1729.0
63,6,1847.0
63,7,183.0
63,8,1489.0
63,9,926.0
63,10,150.0
63,11,408.0
63,12,1616.0
63,13,1074.0
63,14,838.0
63,15,657.0
63,16,1179.0
63,17,1574.0
63,18,108.0
63,19,729.0
63,20,1545.0
63,21,1374.0
63,22,1082.0
63,23,241.0
63,24,532.0
63,25,1804.0
63,26,459.0
63,27,446.0
63,28,519.0
63,29,1388.0
63,30,1474.0
63,31,53.0
63,32,1064.0
63,33,382.0
63,34,25.0
63,35,1320.0
63,36,1873.0
63,37,424.0
63,38,895.0
63,39,25.0
63,40,528.0
63,41,1905.0
63,42,1204.0
63,43,1080.0
63,44,420.0
63,45,372.0
63,46,1168.0
63,47,179.0
63,48,1758.0
63,49,44.0
63,50,358.0
63,51,1285.0
63,52,1458.0
63,53,1064.0
63,54,1404.0
63,55,431.0
63,56,993.0
63,57,659.0
63,58,140.0
63,59,112.0
63,60,862.0
63,61,595.0
63,62,1768.0
63,63,219.0
63,64,521.0
63,65,170.0
63,66,1133.0
63,67,1738.0
63,68,450.0
63,69,1260.0
63,70,502.0
63,71,1780.0
63,72,357.0
63,73,825.0
63,74,1036.0
63,75,110.0
63,76,530.0
63,77,1798.0
63,78,1878.0
63,79,1151.0
63,80,1852.0
63,81,472.0
63,82,266.0
63,83,1873.0
63,84,562.0
63,85,628.0
63,86,1847.0
63,87,1440.0
63,88,1815.0
63,89,30.0
63,90,1766.0
63,91,1517.0
63,92,604.0
63,93,241.0
63,94,1273.0
63,95,988.0
63,96,1569.0
63,97,1474.0
63,98,898.0
63,99,1773.0
63,100,1851.0
64,1,1328.0
64,2,1659.0
64,3,961.0
64,4,1727.0
64,5,1455.0
64,6,1510.0
64,7,1798.0
64,8,1009.0
64,9,1034.0
64,10,1284.0
64,11,133.0
64,12,1794.0
64,13,1953.0
64,14,516.0
64,15,198.0
64,16,1309.0
64,17,629.0
64,18,1474.0
64,19,49.0
64,20,205.0
64,21,1508.0
64,22,164.0
64,23,1653.0
64,24,1807.0
64,25,365.0
64,26,1283.0
64,27,267.0
64,28,1952.0
64,29,1655.0
64,30,1740.0
64,31,1452.0
64,32,1029.0
64,33,881.0
64,34,218.0
64,35,1495.0
64,36,1106.0
64,37,796.0
64,38,1814.0
64,39,1700.0
64,40,1474.0
64,41,883.0
64,42,226.0
64,43,1136.0
64,44,1012.0
64,45,486.0
64,46,1190.0
64,47,1250.0
64,48,1367.0
64,49,1257.0
64,50,735.0
64,51,1317.0
64,52,437.0
64,53,1376.0
64,54,226.0
64,55,1186.0
64,56,1627.0
64,57,1147.0
64,58,138.0
64,59,41.0
64,60,1930.0
64,61,1889.0
64,62,337.0
64,63,661.0
64,64,656.0
64,65,762.0
64,66,1306.0
64,67,1857.0
64,68,652.0
64,69,870.0
64,70,492.0
64,71,1133.0
64,72,1570.0
64,73,1679.0
64,74,1263.0
64,75,993.0
64,76,792.0
64,77,1767.0
64,78,814.0
64,79,169.0
64,80,1101.0
64,81,221.0
64,82,1788.0
64,83,1165.0
64,84,1780.0
64,85,175.0
64,86,760.0
64,87,928.0
64,88,1054.0
64,89,1448.0
64,90,566.0
64,91,1080.0
64,92,1217.0
64,93,216.0
64,94,105.0
64,95,1519.0
64,96,644.0
64,97,1674.0
64,98,601.0
64,99,1103.0
64,100,1908.0
65,1,278.0
65,2,1779.0
65,3,1062.0
65,4,1804.0
65,5,1031.0
65,6,465.0
65,7,329.0
65,8,1043.0
65,9,749.0
65,10,1563.0
65,11,1840.0
65,12,317.0
65,13,1824.0
65,14,651.0
65,15,1338.0
65,16,539.0
65,17,16.0
65,18,666.0
65,19,306.0
65,20,679.0
65,21,325.0
65,22,1778.0
65,23,473.0
65,24,288.0
65,25,1767.0
65,26,1153.0
65,27,443.0
65,28,110.0
65,29,762.0
65,30,1923.0
65,31,1352.0
65,32,1020.0
65,33,408.0
65,34,848.0
65,35,1553.0
65,36,1188.0
65,37,734.0
65,38,385.0
65,39,923.0
65,40,1898.0
65,41,1475.0
65,42,764.0
65,43,1331.0
65,44,1092.0
65,45,1329.0
65,46,1134.0
65,47,464.0
65,48,809.0
65,49,355.0
65,50,1193.0
65,51,385.0
65,52,920.0
65,53,537.0
65,54,633.0
65,55,477.0
65,56,4.0
65,57,86.0
65,58,1362.0
65,59,291.0
65,60,1313.0
65,61,1288.0
65,62,881.0
65,63,1094.0
65,64,792.0
65,65,1900.0
65,66,136.0
65,67,677.0
65,68,1205.0
65,69,198.0
65,70,223.0
65,71,716.0
65,72,921.0
65,73,674.0
65,74,1213.0
65,75,1415.0
65,76,728.0
65,77,1224.0
65,78,1131.0
65,79,1066.0
65,80,1814.0
65,81,1781.0
65,82,1573.0
65,83,1788.0
65,84,700.0
65,85,694.0
65,86,1240.0
65,87,1521.0
65,88,344.0
65,89,1519.0
65,90,120.0
65,91,879.0
65,92,1003.0
65,93,1485.0
65,94,495.0
65,95,974.0
65,96,1888.0
65,97,64.0
65,98,652.0
65,99,1816.0
65,100,1761.0
66,1,439.0
66,2,1327.0
66,3,1266.0
66,4,1620.0
66,5,1187.0
66,6,822.0
66,7,1226.0
66,8,1629.0
66,9,471.0
66,10,198.0
66,11,850.0
66,12,86.0
66,13,1823.0
66,14,1115.0
66,15,1116.0
66,16,1367.0
66,17,1106.0
66,18,1296.0
66,19,1727.0
66,20,1371.0
66,21,773.0
66,22,229.0
66,23,1402.0
66,24,417.0
66,25,1689.0
66,26,73.0
66,27,1063.0
66,28,1288.0
66,29,401.0
66,30,628.0
66,31,1546.0
66,32,1135.0
66,33,967.0
66,34,663.0
66,35,1415.0
66,36,281.0
66,37,990.0
66,38,1891.0
66,39,1280.0
66,40,149.0
66,41,808.0
66,42,1158.0
66,43,247.0
66,44,121.0
66,45,275.0
66,46,1396.0
66,47,181.0
66,48,1132.0
66,49,887.0
66,50,622.0
66,51,538.0
66,52,272.0
66,53,157.0
66,54,379.0
66,55,409.0
66,56,1120.0
66,57,181.0
66,58,968.0
66,59,1218.0
66,60,1881.0
66,61,1368.0
66,62,516.0
66,63,1268.0
66,64,344.0
66,65,1668.0
66,66,459.0
66,67,665.0
66,68,786.0
66,69,1227.0
66,70,1080.0
66,71,1000.0
66,72,631.0
66,73,39.0
66,74,271.0
66,75,1365.0
66,76,1197.0
66,77,1613.0
66,78,1622.0
66,79,998.0
66,80,1069.0
66,81,1026.0
66,82,737.0
66,83,1353.0
66,84,728.0
66,85,1670.0
66,86,1526.0
66,87,738.0
66,88,53.0
66,89,1101.0
66,90,966.0
66,91,260.0
66,92,1744.0
66,93,375.0
66,94,1620.0
66,95,1672.0
66,96,893.0
66,97,1400.0
66,98,458.0
66,99,525.0
66,100,1565.0
67,1,123.0
67,2,1106.0
67,3,497.0
67,4,886.0
67,5,396.0
67,6,728.0
67,7,1192.0
67,8,950.0
67,9,1048.0
67,10,1858.0
67,11,1153.0
67,12,878.0
67,13,1053.0
67,14,1290.0
67,15,326.0
67,16,139.0
67,17,1905.0
67,18,1097.0
67,19,1441.0
67,20,275.0
67,21,1953.0
67,22,1774.0
67,23,1650.0
67,24,555.0
67,25,106.0
67,26,1183.0
67,27,1362.0
67,28,974.0
67,29,862.0
67,30,1300.0
67,31,324.0
67,32,365.0
67,33,405.0
67,34,1383.0
67,35,1293.0
67,36,819.0
67,37,1811.0
67,38,750.0
67,39,8.0
67,40,19.0
67,41,190.0
67,42,765.0
67,43,1902.0
67,44,1127.0
67,45,1045.0
67,46,1593.0
67,47,802.0
67,48,724.0
67,49,431.0
67,50,147.0
67,51,443.0
67,52,442.0
67,53,9.0
67,54,1854.0
67,55,1839.0
67,56,1952.0
67,57,119.0
67,58,1675.0
67,59,1531.0
67,60,1957.0
67,61,395.0
67,62,616.0
67,63,1517.0
67,64,1328.0
67,65,1929.0
67,66,1193.0
67,67,410.0
67,68,1095.0
67,69,1270.0
67,70,1842.0
67,71,734.0
67,72,1274.0
67,73,714.0
67,74,1491.0
67,75,1672.0
67,76,1605.0
67,77,1524.0
67,78,1929.0
67,79,1361.0
67,80,1201.0
67,81,1701.0
67,82,147.0
67,83,588.0
67,84,436.0
67,85,49.0
67,86,61.0
67,87,1209.0
67,88,660.0
67,89,785.0
67,90,1507.0
67,91,1860.0
67,92,515.0
67,93,1366.0
67,94,1867.0
67,95,1438.0
67,96,1291.0
67,97,195.0
67,98,1663.0
67,99,997.0
67,100,1023.0
68,1,1208.0
68,2,1195.0
68,3,1711.0
68,4,615.0
68,5,1589.0
68,6,1738.0
68,7,1880.0
68,8,1095.0
68,9,447.0
68,10,839.0
68,11,1370.0
68,12,1904.0
68,13,919.0
68,14,624.0
68,15,532.0
68,16,1796.0
68,17,1534.0
68,18,1175.0
68,19,1696.0
68,20,213.0
68,21,898.0
68,22,196.0
68,23,1638.0
68,24,397.0
68,25,822.0
68,26,863.0
68,27,593.0
68,28,352.0
68,29,344.0
68,30,1294.0
68,31,1298.0
68,32,731.0
68,33,1485.0
68,34,79.0
68,35,353.0
68,36,1608.0
68,37,416.0
68,38,673.0
68,39,277.0
68,40,76.0
68,41,1235.0
68,42,1365.0
68,43,1714.0
68,44,908.0
68,45,972.0
68,46,489.0
68,47,1215.0
68,48,71.0
68,49,1759.0
68,50,329.0
68,51,1750.0
68,52,1283.0
68,53,1441.0
68,54,791.0
68,55,1855.0
68,56,411.0
68,57,1009.0
68,58,182.0
68,59,1221.0
68,60,319.0
68,61,1762.0
68,62,1080.0
68,63,314.0
68,64,535.0
68,65,856.0
68,66,187.0
68,67,1219.0
68,68,1028.0
68,69,1061.0
68,70,1548.0
68,71,88.0
68,72,978.0
68,73,19.0
68,74,996.0
68,75,136.0
68,76,1493.0
68,77,1467.0
68,78,512.0
68,79,1607.0
68,80,44.0
68,81,1072.0
68,82,1095.0
68,83,679.0
68,84,755.0
68,85,578.0
68,86,1211.0
68,87,1805.0
68,88,1096.0
68,89,696.0
68,90,1470.0
68,91,1812.0
68,92,1132.0
68,93,718.0
68,94,1911.0
68,95,1824.0
68,96,723.0
68,97,1101.0
68,98,1281.0
68,99,1654.0
68,100,1660.0
69,1,188.0
69,2,1163.0
69,3,573.0
69,4,1238.0
69,5,122.0
69,6,1607.0
69,7,731.0
69,8,1696.0
69,9,621.0
69,10,713.0
69,11,1145.0
69,12,1333.0
69,13,1372.0
69,14,579.0
69,15,101.0
69,16,448.0
69,17,760.0
69,18,365.0
69,19,126.0
69,20,1808.0
69,21,1529.0
69,22,96.0
69,23,1434.0
69,24,1143.0
69,25,1078.0
69,26,1662.0
69,27,1455.0
69,28,845.0
69,29,89.0
69,30,1648.0
69,31,1553.0
69,32,1445.0
69,33,749.0
69,34,1604.0
69,35,644.0
69,36,561.0
69,37,1735.0
69,38,1139.0
69,39,1804.0
69,40,1149.0
69,41,680.0
69,42,284.0
69,43,679.0
69,44,1518.0
69,45,153.0
69,46,68.0
69,47,124.0
69,48,1213.0
69,49,1104.0
69,50,186.0
69,51,427.0
69,52,7.0
69,53,868.0
69,54,1530.0
69,55,629.0
69,56,511.0
69,57,1092.0
69,58,118.0
69,59,1812.0
69,60,1649.0
69,61,382.0
69,62,1531.0
69,63,1510.0
69,64,1883.0
69,65,429.0
69,66,50.0
69,67,808.0
69,68,252.0
69,69,6.0
69,70,498.0
69,71,988.0
69,72,999.0
69,73,19.0
69,74,1515.0
69,75,111.0
69,76,1311.0
69,77,1780.0
69,78,845.0
69,79,725.0
69,80,1307.0
69,81,526.0
69,82,451.0
69,83,119.0
69,84,278.0
69,85,185.0
69,86,666.0
69,87,625.0
69,88,652.0
69,89,657.0
69,90,1419.0
69,91,703.0
69,92,390.0
69,93,302.0
69,94,107.0
69,95,795.0
69,96,742.0
69,97,830.0
69,98,963.0
69,99,1868.0
69,100,388.0
70,1,291.0
70,2,299.0
70,3,1794.0
70,4,105.0
70,5,1545.0
70,6,874.0
70,7,840.0
70,8,645.0
70,9,1367.0
70,10,58.0
70,11,117.0
70,12,1754.0
70,13,913.0
70,14,287.0
70,15,677.0
70,16,26.0
70,17,1168.0
70,18,1861.0
70,19,984.0
70,20,639.0
70,21,1755.0
70,22,434.0
70,23,308.0
70,24,477.0
70,25,1896.0
70,26,31.0
70,27,1412.0
70,28,934.0
70,29,1645.0
70,30,454.0
70,31,1789.0
70,32,727.0
70,33,1741.0
70,34,210.0
70,35,1715.0
70,36,1117.0
70,37,1634.0
70,38,1412.0
70,39,1554.0
70,40,292.0
70,41,1061.0
70,42,1462.0
70,43,1406.0
70,44,1565.0
70,45,1280.0
70,46,730.0
70,47,1158.0
70,48,728.0
70,49,42.0
70,50,218.0
70,51,1745.0
70,52,1757.0
70,53,614.0
70,54,287.0
70,55,1882.0
70,56,1218.0
70,57,522.0
70,58,1503.0
70,59,1701.0
70,60,401.0
70,61,1477.0
70,62,289.0
70,63,60.0
70,64,1779.0
70,65,1792.0
70,66,165.0
70,67,1540.0
70,68,1100.0
70,69,82.0
70,70,1675.0
70,71,186.0
70,72,549.0
70,73,138.0
70,74,488.0
70,75,1242.0
70,76,234.0
70,77,391.0
70,78,867.0
70,79,625.0
70,80,1318.0
70,81,655.0
70,82,875.0
70,83,1224.0
70,84,616.0
70,85,1539.0
70,86,1298.0
70,87,716.0
70,88,1056.0
70,89,227.0
70,90,16.0
70,91,1188.0
70,92,84.0
70,93,143.0
70,94,1786.0
70,95,1632.0
70,96,1559.0
70,97,931.0
70,98,1850.0
70,99,1515.0
70,100,987.0
71,1,252.0
71,2,20.0
71,3,420.0
71,4,1746.0
71,5,374.0
71,6,590.0
71,7,615.0
71,8,1817.0
71,9,249.0
71,10,530.0
71,11,1719.0
71,12,4.0
71,13,1517.0
71,14,1548.0
71,15,1839.0
71,16,1445.0
71,17,1354.0
71,18,233.0
71,19,249.0
71,20,505.0
71,21,1649.0
71,22,1071.0
71,23,101.0
71,24,377.0
71,25,1295.0
71,26,1593.0
71,27,973.0
71,28,1148.0
71,29,1337.0
71,30,1491.0
71,31,1301.0
71,32,1887.0
71,33,1807.0
71,34,1090.0
71,35,1025.0
71,36,1825.0
71,37,1597.0
71,38,1841.0
71,39,720.0
71,40,722.0
71,41,757.0
71,42,448.0
71,43,303.0
71,44,846.0
71,45,316.0
71,46,383.0
71,47,1535.0
71,48,359.0
71,49,30.0
71,50,369.0
71,51,392.0
71,52,1438.0
71,53,938.0
71,54,1971.0
71,55,449.0
71,56,1325.0
71,57,834.0
71,58,1816.0
71,59,462.0
71,60,1973.0
71,61,1385.0
71,62,1136.0
71,63,467.0
71,64,737.0
71,65,89.0
71,66,29.0
71,67,720.0
71,68,810.0
71,69,1217.0
71,70,1437.0
71,71,50.0
71,72,16.0
71,73,770.0
71,74,1894.0
71,75,295.0
71,76,1814.0
71,77,1711.0
71,78,1788.0
71,79,124.0
71,80,844.0
71,81,607.0
71,82,1475.0
71,83,10.0
71,84,943.0
71,85,941.0
71,86,408.0
71,87,84.0
71,88,1739.0
71,89,1654.0
71,90,1499.0
71,91,1174.0
71,92,1798.0
71,93,1833.0
71,94,226.0
71,95,1293.0
71,96,805.0
71,97,1643.0
71,98,611.0
71,99,1853.0
71,100,1272.0
72,1,1163.0
72,2,728.0
72,3,571.0
72,4,302.0
72,5,228.0
72,6,597.0
72,7,1451.0
72,8,1627.0
72,9,1261.0
72,10,1302.0
72,11,118.0
72,12,1635.0
72,13,1600.0
72,14,313.0
72,15,149.0
72,16,143.0
72,17,1716.0
72,18,426.0
72,19,1589.0
72,20,1714.0
72,21,1098.0
72,22,1096.0
72,23,311.0
72,24,1639.0
72,25,912.0
72,26,350.0
72,27,1094.0
72,28,1182.0
72,29,417.0
72,30,1173.0
72,31,1786.0
72,32,1329.0
72,33,826.0
72,34,875.0
72,35,1628.0
72,36,852.0
72,37,1137.0
72,38,1798.0
72,39,753.0
72,40,167.0
72,41,1719.0
72,42,1319.0
72,43,1845.0
72,44,1304.0
72,45,902.0
72,46,1605.0
72,47,1078.0
72,48,1804.0
72,49,1541.0
72,50,148.0
72,51,907.0
72,52,1322.0
72,53,34.0
72,54,1632.0
72,55,1880.0
72,56,685.0
72,57,978.0
72,58,940.0
72,59,1049.0
72,60,90.0
72,61,403.0
72,62,730.0
72,63,761.0
72,64,1073.0
72,65,283.0
72,66,413.0
72,67,1454.0
72,68,1800.0
72,69,229.0
72,70,1386.0
72,71,643.0
72,72,1467.0
72,73,1061.0
72,74,976.0
72,75,891.0
72,76,1388.0
72,77,1889.0
72,78,367.0
72,79,16.0
72,80,288.0
72,81,509.0
72,82,1458.0
72,83,47.0
72,84,1260.0
72,85,610.0
72,86,796.0
72,87,556.0
72,88,924.0
72,89,1843.0
72,90,864.0
72,91,275.0
72,92,1487.0
72,93,241.0
72,94,637.0
72,95,1617.0
72,96,1163.0
72,97,929.0
72,98,764.0
72,99,1795.0
72,100,82.0
73,1,599.0
73,2,429.0
73,3,863.0
73,4,432.0
73,5,1091.0
73,6,309.0
73,7,1632.0
73,8,1726.0
73,9,1638.0
73,10,1884.0
73,11,682.0
73,12,1030.0
73,13,691.0
73,14,517.0
73,15,91.0
73,16,1816.0
73,17,1211.0
73,18,1364.0
73,19,1124.0
73,20,1880.0
73,21,1622.0
73,22,800.0
73,23,742.0
73,24,876.0
73,25,194.0
73,26,673.0
73,27,812.0
73,28,1556.0
73,29,1378.0
73,30,1481.0
73,31,803.0
73,32,690.0
73,33,1860.0
73,34,1642.0
73,35,1456.0
73,36,913.0
73,37,641.0
73,38,111.0
73,39,150.0
73,40,1037.0
73,41,20.0
73,42,437.0
73,43,60.0
73,44,372.0
73,45,1344.0
73,46,1184.0
73,47,1175.0
73,48,1476.0
73,49,1904.0
73,50,1720.0
73,51,1695.0
73,52,977.0
73,53,1864.0
73,54,1300.0
73,55,525.0
73,56,711.0
73,57,359.0
73,58,248.0
73,59,1411.0
73,60,1274.0
73,61,268.0
73,62,756.0
73,63,1481.0
73,64,1160.0
73,65,1495.0
73,66,1244.0
73,67,567.0
73,68,26.0
73,69,901.0
73,70,1472.0
73,71,1516.0
73,72,473.0
73,73,105.0
73,74,316.0
73,75,1726.0
73,76,870.0
73,77,1737.0
73,78,928.0
73,79,626.0
73,80,1075.0
73,81,1546.0
73,82,995.0
73,83,888.0
73,84,811.0
73,85,413.0
73,86,229.0
73,87,1573.0
73,88,160.0
73,89,421.0
73,90,1821.0
73,91,1061.0
73,92,644.0
73,93,319.0
73,94,1062.0
73,95,1160.0
73,96,379.0
73,97,30.0
73,98,1597.0
73,99,1097.0
73,100,1088.0
74,1,1362.0
74,2,1582.0
74,3,520.0
74,4,1088.0
74,5,633.0
74,6,835.0
74,7,681.0
74,8,1881.0
74,9,27.0
74,10,1763.0
74,11,1913.0
74,12,1023.0
74,13,589.0
74,14,1667.0
74,15,1477.0
74,16,887.0
74,17,1490.0
74,18,1266.0
74,19,1219.0
74,20,115.0
74,21,950.0
74,22,1413.0
74,23,120.0
74,24,956.0
74,25,950.0
74,26,1079.0
74,27,1589.0
74,28,1735.0
74,29,537.0
74,30,1251.0
74,31,684.0
74,32,1561.0
74,33,1776.0
74,34,171.0
74,35,473.0
74,36,1200.0
74,37,540.0
74,38,736.0
74,39,1067.0
74,40,775.0
74,41,46.0
74,42,1247.0
74,43,651.0
74,44,774.0
74,45,643.0
74,46,1836.0
74,47,587.0
74,48,1662.0
74,49,715.0
74,50,1098.0
74,51,1103.0
74,52,1034.0
74,53,337.0
74,54,1530.0
74,55,1375.0
74,56,681.0
74,57,267.0
74,58,147.0
74,59,50.0
74,60,1453.0
74,61,80.0
74,62,1692.0
74,63,1677.0
74,64,446.0
74,65,957.0
74,66,1669.0
74,67,1460.0
74,68,1199.0
74,69,1515.0
74,70,1838.0
74,71,1061.0
74,72,880.0
74,73,422.0
74,74,1405.0
74,75,490.0
74,76,34.0
74,77,863.0
74,78,1514.0
74,79,1796.0
74,80,435.0
74,81,1006.0
74,82,827.0
74,83,1145.0
74,84,763.0
74,85,831.0
74,86,507.0
74,87,912.0
74,88,866.0
74,89,1215.0
74,90,745.0
74,91,207.0
74,92,113.0
74,93,1529.0
74,94,536.0
74,95,380.0
74,96,582.0
74,97,85.0
74,98,1319.0
74,99,925.0
74,100,1742.0
75,1,1513.0
75,2,41.0
75,3,799.0
75,4,909.0
75,5,370.0
75,6,490.0
75,7,1259.0
75,8,1192.0
75,9,1120.0
75,10,852.0
75,11,88.0
75,12,1875.0
75,13,1017.0
75,14,1581.0
75,15,413.0
75,16,1407.0
75,17,813.0
75,18,1872.0
75,19,1570.0
75,20,552.0
75,21,384.0
75,22,760.0
75,23,633.0
75,24,1868.0
75,25,1845.0
75,26,1726.0
75,27,1806.0
75,28,765.0
75,29,416.0
75,30,1559.0
75,31,1619.0
75,32,1219.0
75,33,970.0
75,34,550.0
75,35,106.0
75,36,611.0
75,37,1149.0
75,38,516.0
75,39,1769.0
75,40,412.0
75,41,34.0
75,42,387.0
75,43,1181.0
75,44,1553.0
75,45,1617.0
75,46,1248.0
75,47,1500.0
75,48,1618.0
75,49,1044.0
75,50,1139.0
75,51,1201.0
75,52,119.0
75,53,1344.0
75,54,143.0
75,55,918.0
75,56,1400.0
75,57,1193.0
75,58,1153.0
75,59,1333.0
75,60,127.0
75,61,1109.0
75,62,1197.0
75,63,607.0
75,64,142.0
75,65,786.0
75,66,1351.0
75,67,1586.0
75,68,1785.0
75,69,1294.0
75,70,1222.0
75,71,1561.0
75,72,1753.0
75,73,334.0
75,74,690.0
75,75,1791.0
75,76,589.0
75,77,450.0
75,78,482.0
75,79,1904.0
75,80,1165.0
75,81,400.0
75,82,861.0
75,83,418.0
75,84,371.0
75,85,1723.0
75,86,1132.0
75,87,1641.0
75,88,673.0
75,89,347.0
75,90,392.0
75,91,36.0
75,92,1420.0
75,93,1551.0
75,94,1442.0
75,95,647.0
75,96,580.0
75,97,1633.0
75,98,1808.0
75,99,301.0
75,100,86.0
