coverage_group_id,decision_id
G000,d00000
G000,d00001
G000,d00002
G000,d00003
G000,d00004
G000,d00005
G000,d00006
G000,d00007
G000,d00008
G000,d00009
G000,d00010
G000,d00011
G000,d00012
G000,d00013
G000,d00014
G000,d00015
G000,d00016
G000,d00017
G000,d00018
G000,d00019
G000,d00020
G000,d00021
G000,d00022
G000,d00023
G000,d00024
G000,d00025
G000,d00026
G000,d00027
G000,d00028
G000,d00029
G000,d00030
G000,d00031
G000,d00032
G000,d00033
G000,d00034
G000,d00035
G000,d00036
G000,d00037
G000,d00038
G000,d00039
G000,d00040
G000,d00041
G000,d00042
G000,d00043
G000,d00044
G000,d00045
G000,d00046
G000,d00047
G000,d00048
G000,d00049
G000,d00050
G000,d00051
G000,d00052
G000,d00053
G000,d00054
G000,d00055
G000,d00056
G000,d00057
G000,d00058
G000,d00059
G000,d00060
G000,d00061
G000,d00062
G000,d00063
G001,d00064
G001,d00065
G001,d00066
G001,d00067
G001,d00068
G001,d00069
G001,d00070
G001,d00071
G001,d00072
G001,d00073
G001,d00074
G001,d00075
G001,d00076
G001,d00077
G001,d00078
G001,d00079
G001,d00080
G001,d00081
G001,d00082
G001,d00083
G001,d00084
G001,d00085
G001,d00086
G001,d00087
G001,d00088
G001,d00089
G001,d00090
G001,d00091
G001,d00092
G001,d00093
G001,d00094
G001,d00095
G001,d00096
G001,d00097
G001,d00098
G001,d00099
G001,d00100
G001,d00101
G001,d00102
G001,d00103
G001,d00104
G001,d00105
G001,d00106
G001,d00107
G001,d00108
G001,d00109
G001,d00110
G001,d00111
G001,d00112
G001,d00113
G001,d00114
G001,d00115
G001,d00116
G001,d00117
G001,d00118
G001,d00119
G001,d00120
G001,d00121
G001,d00122
G001,d00123
G001,d00124
G001,d00125
G001,d00126
G001,d00127
G002,d00128
G002,d00129
G002,d00130
G002,d00131
G002,d00132
G002,d00133
G002,d00134
G002,d00135
G002,d00136
G002,d00137
G002,d00138
G002,d00139
G002,d00140
G002,d00141
G002,d00142
G002,d00143
G002,d00144
G002,d00145
G002,d00146
G002,d00147
G002,d00148
G002,d00149
G002,d00150
G002,d00151
G002,d00152
G002,d00153
G002,d00154
G002,d00155
G002,d00156
G002,d00157
G002,d00158
G002,d00159
G002,d00160
G002,d00161
G002,d00162
G002,d00163
G002,d00164
G002,d00165
G002,d00166
G002,d00167
G002,d00168
G002,d00169
G002,d00170
G002,d00171
G002,d00172
G002,d00173
G002,d00174
G002,d00175
G002,d00176
G002,d00177
G002,d00178
G002,d00179
G002,d00180
G002,d00181
G002,d00182
G002,d00183
G002,d00184
G002,d00185
G002,d00186
G002,d00187
G002,d00188
G002,d00189
G002,d00190
G002,d00191
G003,d00192
G003,d00193
G003,d00194
G003,d00195
G003,d00196
G003,d00197
G003,d00198
G003,d00199
G003,d00200
G003,d00201
G003,d00202
G003,d00203
G003,d00204
G003,d00205
G003,d00206
G003,d00207
G003,d00208
G003,d00209
G003,d00210
G003,d00211
G003,d00212
G003,d00213
G003,d00214
G003,d00215
G003,d00216
G003,d00217
G003,d00218
G003,d00219
G003,d00220
G003,d00221
G003,d00222
G003,d00223
G003,d00224
G003,d00225
G003,d00226
G003,d00227
G003,d00228
G003,d00229
G003,d00230
G003,d00231
G003,d00232
G003,d00233
G003,d00234
G003,d00235
G003,d00236
G003,d00237
G003,d00238
G003,d00239
G003,d00240
G003,d00241
G003,d00242
G003,d00243
G003,d00244
G003,d00245
G003,d00246
G003,d00247
G003,d00248
G003,d00249
G003,d00250
G003,d00251
G003,d00252
G003,d00253
G003,d00254
G003,d00255
G004,d00256
G004,d00257
G004,d00258
G004,d00259
G004,d00260
G004,d00261
G004,d00262
G004,d00263
G004,d00264
G004,d00265
G004,d00266
G004,d00267
G004,d00268
G004,d00269
G004,d00270
G004,d00271
G004,d00272
G004,d00273
G004,d00274
G004,d00275
G004,d00276
G004,d00277
G004,d00278
G004,d00279
G004,d00280
G004,d00281
G004,d00282
G004,d00283
G004,d00284
G004,d00285
G004,d00286
G004,d00287
G004,d00288
G004,d00289
G004,d00290
G004,d00291
G004,d00292
G004,d00293
G004,d00294
G004,d00295
G004,d00296
G004,d00297
G004,d00298
G004,d00299
G004,d00300
G004,d00301
G004,d00302
G004,d00303
G004,d00304
G004,d00305
G004,d00306
G004,d00307
G004,d00308
G004,d00309
G004,d00310
G004,d00311
G004,d00312
G004,d00313
G004,d00314
G004,d00315
G004,d00316
G004,d00317
G004,d00318
G004,d00319
G005,d00320
G005,d00321
G005,d00322
G005,d00323
G005,d00324
G005,d00325
G005,d00326
G005,d00327
G005,d00328
G005,d00329
G005,d00330
G005,d00331
G005,d00332
G005,d00333
G005,d00334
G005,d00335
G005,d00336
G005,d00337
G005,d00338
G005,d00339
G005,d00340
G005,d00341
G005,d00342
G005,d00343
G005,d00344
G005,d00345
G005,d00346
G005,d00347
G005,d00348
G005,d00349
G005,d00350
G005,d00351
G005,d00352
G005,d00353
G005,d00354
G005,d00355
G005,d00356
G005,d00357
G005,d00358
G005,d00359
G005,d00360
G005,d00361
G005,d00362
G005,d00363
G005,d00364
G005,d00365
G005,d00366
G005,d00367
G005,d00368
G005,d00369
G005,d00370
G005,d00371
G005,d00372
G005,d00373
G005,d00374
G005,d00375
G005,d00376
G005,d00377
G005,d00378
G005,d00379
G005,d00380
G005,d00381
G005,d00382
G005,d00383
G006,d00384
G006,d00385
G006,d00386
G006,d00387
G006,d00388
G006,d00389
G006,d00390
G006,d00391
G006,d00392
G006,d00393
G006,d00394
G006,d00395
G006,d00396
G006,d00397
G006,d00398
G006,d00399
G006,d00400
G006,d00401
G006,d00402
G006,d00403
G006,d00404
G006,d00405
G006,d00406
G006,d00407
G006,d00408
G006,d00409
G006,d00410
G006,d00411
G006,d00412
G006,d00413
G006,d00414
G006,d00415
G006,d00416
G006,d00417
G006,d00418
G006,d00419
G006,d00420
G006,d00421
G006,d00422
G006,d00423
G006,d00424
G006,d00425
G006,d00426
G006,d00427
G006,d00428
G006,d00429
G006,d00430
G006,d00431
G006,d00432
G006,d00433
G006,d00434
G006,d00435
G006,d00436
G006,d00437
G006,d00438
G006,d00439
G006,d00440
G006,d00441
G006,d00442
G006,d00443
G006,d00444
G006,d00445
G006,d00446
G006,d00447
G007,d00448
G007,d00449
G007,d00450
G007,d00451
G007,d00452
G007,d00453
G007,d00454
G007,d00455
G007,d00456
G007,d00457
G007,d00458
G007,d00459
G007,d00460
G007,d00461
G007,d00462
G007,d00463
G007,d00464
G007,d00465
G007,d00466
G007,d00467
G007,d00468
G007,d00469
G007,d00470
G007,d00471
G007,d00472
G007,d00473
G007,d00474
G007,d00475
G007,d00476
G007,d00477
G007,d00478
G007,d00479
G007,d00480
G007,d00481
G007,d00482
G007,d00483
G007,d00484
G007,d00485
G007,d00486
G007,d00487
G007,d00488
G007,d00489
G007,d00490
G007,d00491
G007,d00492
G007,d00493
G007,d00494
G007,d00495
G007,d00496
G007,d00497
G007,d00498
G007,d00499
G007,d00500
G007,d00501
G007,d00502
G007,d00503
G007,d00504
G007,d00505
G007,d00506
G007,d00507
G007,d00508
G007,d00509
G007,d00510
G007,d00511
G008,d00512
G008,d00513
G008,d00514
G008,d00515
G008,d00516
G008,d00517
G008,d00518
G008,d00519
G008,d00520
G008,d00521
G008,d00522
G008,d00523
G008,d00524
G008,d00525
G008,d00526
G008,d00527
G008,d00528
G008,d00529
G008,d00530
G008,d00531
G008,d00532
G008,d00533
G008,d00534
G008,d00535
G008,d00536
G008,d00537
G008,d00538
G008,d00539
G008,d00540
G008,d00541
G008,d00542
G008,d00543
G008,d00544
G008,d00545
G008,d00546
G008,d00547
G008,d00548
G008,d00549
G008,d00550
G008,d00551
G008,d00552
G008,d00553
G008,d00554
G008,d00555
G008,d00556
G008,d00557
G008,d00558
G008,d00559
G008,d00560
G008,d00561
G008,d00562
G008,d00563
G008,d00564
G008,d00565
G008,d00566
G008,d00567
G008,d00568
G008,d00569
G008,d00570
G008,d00571
G008,d00572
G008,d00573
G008,d00574
G008,d00575
G009,d00576
G009,d00577
G009,d00578
G009,d00579
G009,d00580
G009,d00581
G009,d00582
G009,d00583
G009,d00584
G009,d00585
G009,d00586
G009,d00587
G009,d00588
G009,d00589
G009,d00590
G009,d00591
G009,d00592
G009,d00593
G009,d00594
G009,d00595
G009,d00596
G009,d00597
G009,d00598
G009,d00599
G009,d00600
G009,d00601
G009,d00602
G009,d00603
G009,d00604
G009,d00605
G009,d00606
G009,d00607
G009,d00608
G009,d00609
G009,d00610
G009,d00611
G009,d00612
G009,d00613
G009,d00614
G009,d00615
G009,d00616
G009,d00617
G009,d00618
G009,d00619
G009,d00620
G009,d00621
G009,d00622
G009,d00623
G009,d00624
G009,d00625
G009,d00626
G009,d00627
G009,d00628
G009,d00629
G009,d00630
G009,d00631
G009,d00632
G009,d00633
G009,d00634
G009,d00635
G009,d00636
G009,d00637
G009,d00638
G009,d00639
G010,d00640
G010,d00641
G010,d00642
G010,d00643
G010,d00644
G010,d00645
G010,d00646
G010,d00647
G010,d00648
G010,d00649
G010,d00650
G010,d00651
G010,d00652
G010,d00653
G010,d00654
G010,d00655
G010,d00656
G010,d00657
G010,d00658
G010,d00659
G010,d00660
G010,d00661
G010,d00662
G010,d00663
G010,d00664
G010,d00665
G010,d00666
G010,d00667
G010,d00668
G010,d00669
G010,d00670
G010,d00671
G010,d00672
G010,d00673
G010,d00674
G010,d00675
G010,d00676
G010,d00677
G010,d00678
G010,d00679
G010,d00680
G010,d00681
G010,d00682
G010,d00683
G010,d00684
G010,d00685
G010,d00686
G010,d00687
G010,d00688
G010,d00689
G010,d00690
G010,d00691
G010,d00692
G010,d00693
G010,d00694
G010,d00695
G010,d00696
G010,d00697
G010,d00698
G010,d00699
G010,d00700
G010,d00701
G010,d00702
G010,d00703
G011,d00704
G011,d00705
G011,d00706
G011,d00707
G011,d00708
G011,d00709
G011,d00710
G011,d00711
G011,d00712
G011,d00713
G011,d00714
G011,d00715
G011,d00716
G011,d00717
G011,d00718
G011,d00719
G011,d00720
G011,d00721
G011,d00722
G011,d00723
G011,d00724
G011,d00725
G011,d00726
G011,d00727
G011,d00728
G011,d00729
G011,d00730
G011,d00731
G011,d00732
G011,d00733
G011,d00734
G011,d00735
G011,d00736
G011,d00737
G011,d00738
G011,d00739
G011,d00740
G011,d00741
G011,d00742
G011,d00743
G011,d00744
G011,d00745
G011,d00746
G011,d00747
G011,d00748
G011,d00749
G011,d00750
G011,d00751
G011,d00752
G011,d00753
G011,d00754
G011,d00755
G011,d00756
G011,d00757
G011,d00758
G011,d00759
G011,d00760
G011,d00761
G011,d00762
G011,d00763
G011,d00764
G011,d00765
G011,d00766
G011,d00767
G012,d00768
G012,d00769
G012,d00770
G012,d00771
G012,d00772
G012,d00773
G012,d00774
G012,d00775
G012,d00776
G012,d00777
G012,d00778
G012,d00779
G012,d00780
G012,d00781
G012,d00782
G012,d00783
G012,d00784
G012,d00785
G012,d00786
G012,d00787
G012,d00788
G012,d00789
G012,d00790
G012,d00791
G012,d00792
G012,d00793
G012,d00794
G012,d00795
G012,d00796
G012,d00797
G012,d00798
G012,d00799
G012,d00800
G012,d00801
G012,d00802
G012,d00803
G012,d00804
G012,d00805
G012,d00806
G012,d00807
G012,d00808
G012,d00809
G012,d00810
G012,d00811
G012,d00812
G012,d00813
G012,d00814
G012,d00815
G012,d00816
G012,d00817
G012,d00818
G012,d00819
G012,d00820
G012,d00821
G012,d00822
G012,d00823
G012,d00824
G012,d00825
G012,d00826
G012,d00827
G012,d00828
G012,d00829
G012,d00830
G012,d00831
G013,d00832
G013,d00833
G013,d00834
G013,d00835
G013,d00836
G013,d00837
G013,d00838
G013,d00839
G013,d00840
G013,d00841
G013,d00842
G013,d00843
G013,d00844
G013,d00845
G013,d00846
G013,d00847
G013,d00848
G013,d00849
G013,d00850
G013,d00851
G013,d00852
G013,d00853
G013,d00854
G013,d00855
G013,d00856
G013,d00857
G013,d00858
G013,d00859
G013,d00860
G013,d00861
G013,d00862
G013,d00863
G013,d00864
G013,d00865
G013,d00866
G013,d00867
G013,d00868
G013,d00869
G013,d00870
G013,d00871
G013,d00872
G013,d00873
G013,d00874
G013,d00875
G013,d00876
G013,d00877
G013,d00878
G013,d00879
G013,d00880
G013,d00881
G013,d00882
G013,d00883
G013,d00884
G013,d00885
G013,d00886
G013,d00887
G013,d00888
G013,d00889
G013,d00890
G013,d00891
G013,d00892
G013,d00893
G013,d00894
G013,d00895
G014,d00896
G014,d00897
G014,d00898
G014,d00899
G014,d00900
G014,d00901
G014,d00902
G014,d00903
G014,d00904
G014,d00905
G014,d00906
G014,d00907
G014,d00908
G014,d00909
G014,d00910
G014,d00911
G014,d00912
G014,d00913
G014,d00914
G014,d00915
G014,d00916
G014,d00917
G014,d00918
G014,d00919
G014,d00920
G014,d00921
G014,d00922
G014,d00923
G014,d00924
G014,d00925
G014,d00926
G014,d00927
G014,d00928
G014,d00929
G014,d00930
G014,d00931
G014,d00932
G014,d00933
G014,d00934
G014,d00935
G014,d00936
G014,d00937
G014,d00938
G014,d00939
G014,d00940
G014,d00941
G014,d00942
G014,d00943
G014,d00944
G014,d00945
G014,d00946
G014,d00947
G014,d00948
G014,d00949
G014,d00950
G014,d00951
G014,d00952
G014,d00953
G014,d00954
G014,d00955
G014,d00956
G014,d00957
G014,d00958
G014,d00959
G015,d00960
G015,d00961
G015,d00962
G015,d00963
G015,d00964
G015,d00965
G015,d00966
G015,d00967
G015,d00968
G015,d00969
G015,d00970
G015,d00971
G015,d00972
G015,d00973
G015,d00974
G015,d00975
G015,d00976
G015,d00977
G015,d00978
G015,d00979
G015,d00980
G015,d00981
G015,d00982
G015,d00983
G015,d00984
G015,d00985
G015,d00986
G015,d00987
G015,d00988
G015,d00989
G015,d00990
G015,d00991
G015,d00992
G015,d00993
G015,d00994
G015,d00995
G015,d00996
G015,d00997
G015,d00998
G015,d00999
G015,d01000
G015,d01001
G015,d01002
G015,d01003
G015,d01004
G015,d01005
G015,d01006
G015,d01007
G015,d01008
G015,d01009
G015,d01010
G015,d01011
G015,d01012
G015,d01013
G015,d01014
G015,d01015
G015,d01016
G015,d01017
G015,d01018
G015,d01019
G015,d01020
G015,d01021
G015,d01022
G015,d01023
G016,d01024
G016,d01025
G016,d01026
G016,d01027
G016,d01028
G016,d01029
G016,d01030
G016,d01031
G016,d01032
G016,d01033
G016,d01034
G016,d01035
G016,d01036
G016,d01037
G016,d01038
G016,d01039
G016,d01040
G016,d01041
G016,d01042
G016,d01043
G016,d01044
G016,d01045
G016,d01046
G016,d01047
G016,d01048
G016,d01049
G016,d01050
G016,d01051
G016,d01052
G016,d01053
G016,d01054
G016,d01055
G016,d01056
G016,d01057
G016,d01058
G016,d01059
G016,d01060
G016,d01061
G016,d01062
G016,d01063
G016,d01064
G016,d01065
G016,d01066
G016,d01067
G016,d01068
G016,d01069
G016,d01070
G016,d01071
G016,d01072
G016,d01073
G016,d01074
G016,d01075
G016,d01076
G016,d01077
G016,d01078
G016,d01079
G016,d01080
G016,d01081
G016,d01082
G016,d01083
G016,d01084
G016,d01085
G016,d01086
G016,d01087
G017,d01088
G017,d01089
G017,d01090
G017,d01091
G017,d01092
G017,d01093
G017,d01094
G017,d01095
G017,d01096
G017,d01097
G017,d01098
G017,d01099
G017,d01100
G017,d01101
G017,d01102
G017,d01103
G017,d01104
G017,d01105
G017,d01106
G017,d01107
G017,d01108
G017,d01109
G017,d01110
G017,d01111
G017,d01112
G017,d01113
G017,d01114
G017,d01115
G017,d01116
G017,d01117
G017,d01118
G017,d01119
G017,d01120
G017,d01121
G017,d01122
G017,d01123
G017,d01124
G017,d01125
G017,d01126
G017,d01127
G017,d01128
G017,d01129
G017,d01130
G017,d01131
G017,d01132
G017,d01133
G017,d01134
G017,d01135
G017,d01136
G017,d01137
G017,d01138
G017,d01139
G017,d01140
G017,d01141
G017,d01142
G017,d01143
G017,d01144
G017,d01145
G017,d01146
G017,d01147
G017,d01148
G017,d01149
G017,d01150
G017,d01151
G018,d01152
G018,d01153
G018,d01154
G018,d01155
G018,d01156
G018,d01157
G018,d01158
G018,d01159
G018,d01160
G018,d01161
G018,d01162
G018,d01163
G018,d01164
G018,d01165
G018,d01166
G018,d01167
G018,d01168
G018,d01169
G018,d01170
G018,d01171
G018,d01172
G018,d01173
G018,d01174
G018,d01175
G018,d01176
G018,d01177
G018,d01178
G018,d01179
G018,d01180
G018,d01181
G018,d01182
G018,d01183
G018,d01184
G018,d01185
G018,d01186
G018,d01187
G018,d01188
G018,d01189
G018,d01190
G018,d01191
G018,d01192
G018,d01193
G018,d01194
G018,d01195
G018,d01196
G018,d01197
G018,d01198
G018,d01199
G018,d01200
G018,d01201
G018,d01202
G018,d01203
G018,d01204
G018,d01205
G018,d01206
G018,d01207
G018,d01208
G018,d01209
G018,d01210
G018,d01211
G018,d01212
G018,d01213
G018,d01214
G018,d01215
G019,d01216
G019,d01217
G019,d01218
G019,d01219
G019,d01220
G019,d01221
G019,d01222
G019,d01223
G019,d01224
G019,d01225
G019,d01226
G019,d01227
G019,d01228
G019,d01229
G019,d01230
G019,d01231
G019,d01232
G019,d01233
G019,d01234
G019,d01235
G019,d01236
G019,d01237
G019,d01238
G019,d01239
G019,d01240
G019,d01241
G019,d01242
G019,d01243
G019,d01244
G019,d01245
G019,d01246
G019,d01247
G019,d01248
G019,d01249
G019,d01250
G019,d01251
G019,d01252
G019,d01253
G019,d01254
G019,d01255
G019,d01256
G019,d01257
G019,d01258
G019,d01259
G019,d01260
G019,d01261
G019,d01262
G019,d01263
G019,d01264
G019,d01265
G019,d01266
G019,d01267
G019,d01268
G019,d01269
G019,d01270
G019,d01271
G019,d01272
G019,d01273
G019,d01274
G019,d01275
G019,d01276
G019,d01277
G019,d01278
G019,d01279
G020,d01280
G020,d01281
G020,d01282
G020,d01283
G020,d01284
G020,d01285
G020,d01286
G020,d01287
G020,d01288
G020,d01289
G020,d01290
G020,d01291
G020,d01292
G020,d01293
G020,d01294
G020,d01295
G020,d01296
G020,d01297
G020,d01298
G020,d01299
G020,d01300
G020,d01301
G020,d01302
G020,d01303
G020,d01304
G020,d01305
G020,d01306
G020,d01307
G020,d01308
G020,d01309
G020,d01310
G020,d01311
G020,d01312
G020,d01313
G020,d01314
G020,d01315
G020,d01316
G020,d01317
G020,d01318
G020,d01319
G020,d01320
G020,d01321
G020,d01322
G020,d01323
G020,d01324
G020,d01325
G020,d01326
G020,d01327
G020,d01328
G020,d01329
G020,d01330
G020,d01331
G020,d01332
G020,d01333
G020,d01334
G020,d01335
G020,d01336
G020,d01337
G020,d01338
G020,d01339
G020,d01340
G020,d01341
G020,d01342
G020,d01343
G021,d01344
G021,d01345
G021,d01346
G021,d01347
G021,d01348
G021,d01349
G021,d01350
G021,d01351
G021,d01352
G021,d01353
G021,d01354
G021,d01355
G021,d01356
G021,d01357
G021,d01358
G021,d01359
G021,d01360
G021,d01361
G021,d01362
G021,d01363
G021,d01364
G021,d01365
G021,d01366
G021,d01367
G021,d01368
G021,d01369
G021,d01370
G021,d01371
G021,d01372
G021,d01373
G021,d01374
G021,d01375
G021,d01376
G021,d01377
G021,d01378
G021,d01379
G021,d01380
G021,d01381
G021,d01382
G021,d01383
G021,d01384
G021,d01385
G021,d01386
G021,d01387
G021,d01388
G021,d01389
G021,d01390
G021,d01391
G021,d01392
G021,d01393
G021,d01394
G021,d01395
G021,d01396
G021,d01397
G021,d01398
G021,d01399
G021,d01400
G021,d01401
G021,d01402
G021,d01403
G021,d01404
G021,d01405
G021,d01406
G021,d01407
G022,d01408
G022,d01409
G022,d01410
G022,d01411
G022,d01412
G022,d01413
G022,d01414
G022,d01415
G022,d01416
G022,d01417
G022,d01418
G022,d01419
G022,d01420
G022,d01421
G022,d01422
G022,d01423
G022,d01424
G022,d01425
G022,d01426
G022,d01427
G022,d01428
G022,d01429
G022,d01430
G022,d01431
G022,d01432
G022,d01433
G022,d01434
G022,d01435
G022,d01436
G022,d01437
G022,d01438
G022,d01439
G022,d01440
G022,d01441
G022,d01442
G022,d01443
G022,d01444
G022,d01445
G022,d01446
G022,d01447
G022,d01448
G022,d01449
G022,d01450
G022,d01451
G022,d01452
G022,d01453
G022,d01454
G022,d01455
G022,d01456
G022,d01457
G022,d01458
G022,d01459
G022,d01460
G022,d01461
G022,d01462
G022,d01463
G022,d01464
G022,d01465
G022,d01466
G022,d01467
G022,d01468
G022,d01469
G022,d01470
G022,d01471
G023,d01472
G023,d01473
G023,d01474
G023,d01475
G023,d01476
G023,d01477
G023,d01478
G023,d01479
G023,d01480
G023,d01481
G023,d01482
G023,d01483
G023,d01484
G023,d01485
G023,d01486
G023,d01487
G023,d01488
G023,d01489
G023,d01490
G023,d01491
G023,d01492
G023,d01493
G023,d01494
G023,d01495
G023,d01496
G023,d01497
G023,d01498
G023,d01499
G023,d01500
G023,d01501
G023,d01502
G023,d01503
G023,d01504
G023,d01505
G023,d01506
G023,d01507
G023,d01508
G023,d01509
G023,d01510
G023,d01511
G023,d01512
G023,d01513
G023,d01514
G023,d01515
G023,d01516
G023,d01517
G023,d01518
G023,d01519
G023,d01520
G023,d01521
G023,d01522
G023,d01523
G023,d01524
G023,d01525
G023,d01526
G023,d01527
G023,d01528
G023,d01529
G023,d01530
G023,d01531
G023,d01532
G023,d01533
G023,d01534
G023,d01535
G024,d01536
G024,d01537
G024,d01538
G024,d01539
G024,d01540
G024,d01541
G024,d01542
G024,d01543
G024,d01544
G024,d01545
G024,d01546
G024,d01547
G024,d01548
G024,d01549
G024,d01550
G024,d01551
G024,d01552
G024,d01553
G024,d01554
G024,d01555
G024,d01556
G024,d01557
G024,d01558
G024,d01559
G024,d01560
G024,d01561
G024,d01562
G024,d01563
G024,d01564
G024,d01565
G024,d01566
G024,d01567
G024,d01568
G024,d01569
G024,d01570
G024,d01571
G024,d01572
G024,d01573
G024,d01574
G024,d01575
G024,d01576
G024,d01577
G024,d01578
G024,d01579
G024,d01580
G024,d01581
G024,d01582
G024,d01583
G024,d01584
G024,d01585
G024,d01586
G024,d01587
G024,d01588
G024,d01589
G024,d01590
G024,d01591
G024,d01592
G024,d01593
G024,d01594
G024,d01595
G024,d01596
G024,d01597
G024,d01598
G024,d01599
G025,d01600
G025,d01601
G025,d01602
G025,d01603
G025,d01604
G025,d01605
G025,d01606
G025,d01607
G025,d01608
G025,d01609
G025,d01610
G025,d01611
G025,d01612
G025,d01613
G025,d01614
G025,d01615
G025,d01616
G025,d01617
G025,d01618
G025,d01619
G025,d01620
G025,d01621
G025,d01622
G025,d01623
G025,d01624
G025,d01625
G025,d01626
G025,d01627
G025,d01628
G025,d01629
G025,d01630
G025,d01631
G025,d01632
G025,d01633
G025,d01634
G025,d01635
G025,d01636
G025,d01637
G025,d01638
G025,d01639
G025,d01640
G025,d01641
G025,d01642
G025,d01643
G025,d01644
G025,d01645
G025,d01646
G025,d01647
G025,d01648
G025,d01649
G025,d01650
G025,d01651
G025,d01652
G025,d01653
G025,d01654
G025,d01655
G025,d01656
G025,d01657
G025,d01658
G025,d01659
G025,d01660
G025,d01661
G025,d01662
G025,d01663
G026,d01664
G026,d01665
G026,d01666
G026,d01667
G026,d01668
G026,d01669
G026,d01670
G026,d01671
G026,d01672
G026,d01673
G026,d01674
G026,d01675
G026,d01676
G026,d01677
G026,d01678
G026,d01679
G026,d01680
G026,d01681
G026,d01682
G026,d01683
G026,d01684
G026,d01685
G026,d01686
G026,d01687
G026,d01688
G026,d01689
G026,d01690
G026,d01691
G026,d01692
G026,d01693
G026,d01694
G026,d01695
G026,d01696
G026,d01697
G026,d01698
G026,d01699
G026,d01700
G026,d01701
G026,d01702
G026,d01703
G026,d01704
G026,d01705
G026,d01706
G026,d01707
G026,d01708
G026,d01709
G026,d01710
G026,d01711
G026,d01712
G026,d01713
G026,d01714
G026,d01715
G026,d01716
G026,d01717
G026,d01718
G026,d01719
G026,d01720
G026,d01721
G026,d01722
G026,d01723
G026,d01724
G026,d01725
G026,d01726
G026,d01727
G027,d01728
G027,d01729
G027,d01730
G027,d01731
G027,d01732
G027,d01733
G027,d01734
G027,d01735
G027,d01736
G027,d01737
G027,d01738
G027,d01739
G027,d01740
G027,d01741
G027,d01742
G027,d01743
G027,d01744
G027,d01745
G027,d01746
G027,d01747
G027,d01748
G027,d01749
G027,d01750
G027,d01751
G027,d01752
G027,d01753
G027,d01754
G027,d01755
G027,d01756
G027,d01757
G027,d01758
G027,d01759
G027,d01760
G027,d01761
G027,d01762
G027,d01763
G027,d01764
G027,d01765
G027,d01766
G027,d01767
G027,d01768
G027,d01769
G027,d01770
G027,d01771
G027,d01772
G027,d01773
G027,d01774
G027,d01775
G027,d01776
G027,d01777
G027,d01778
G027,d01779
G027,d01780
G027,d01781
G027,d01782
G027,d01783
G027,d01784
G027,d01785
G027,d01786
G027,d01787
G027,d01788
G027,d01789
G027,d01790
G027,d01791
G028,d01792
G028,d01793
G028,d01794
G028,d01795
G028,d01796
G028,d01797
G028,d01798
G028,d01799
G028,d01800
G028,d01801
G028,d01802
G028,d01803
G028,d01804
G028,d01805
G028,d01806
G028,d01807
G028,d01808
G028,d01809
G028,d01810
G028,d01811
G028,d01812
G028,d01813
G028,d01814
G028,d01815
G028,d01816
G028,d01817
G028,d01818
G028,d01819
G028,d01820
G028,d01821
G028,d01822
G028,d01823
G028,d01824
G028,d01825
G028,d01826
G028,d01827
G028,d01828
G028,d01829
G028,d01830
G028,d01831
G028,d01832
G028,d01833
G028,d01834
G028,d01835
G028,d01836
G028,d01837
G028,d01838
G028,d01839
G028,d01840
G028,d01841
G028,d01842
G028,d01843
G028,d01844
G028,d01845
G028,d01846
G028,d01847
G028,d01848
G028,d01849
G028,d01850
G028,d01851
G028,d01852
G028,d01853
G028,d01854
G028,d01855
G029,d01856
G029,d01857
G029,d01858
G029,d01859
G029,d01860
G029,d01861
G029,d01862
G029,d01863
G029,d01864
G029,d01865
G029,d01866
G029,d01867
G029,d01868
G029,d01869
G029,d01870
G029,d01871
G029,d01872
G029,d01873
G029,d01874
G029,d01875
G029,d01876
G029,d01877
G029,d01878
G029,d01879
G029,d01880
G029,d01881
G029,d01882
G029,d01883
G029,d01884
G029,d01885
G029,d01886
G029,d01887
G029,d01888
G029,d01889
G029,d01890
G029,d01891
G029,d01892
G029,d01893
G029,d01894
G029,d01895
G029,d01896
G029,d01897
G029,d01898
G029,d01899
G029,d01900
G029,d01901
G029,d01902
G029,d01903
G029,d01904
G029,d01905
G029,d01906
G029,d01907
G029,d01908
G029,d01909
G029,d01910
G029,d01911
G029,d01912
G029,d01913
G029,d01914
G029,d01915
G029,d01916
G029,d01917
G029,d01918
G029,d01919
G030,d01920
G030,d01921
G030,d01922
G030,d01923
G030,d01924
G030,d01925
G030,d01926
G030,d01927
G030,d01928
G030,d01929
G030,d01930
G030,d01931
G030,d01932
G030,d01933
G030,d01934
G030,d01935
G030,d01936
G030,d01937
G030,d01938
G030,d01939
G030,d01940
G030,d01941
G030,d01942
G030,d01943
G030,d01944
G030,d01945
G030,d01946
G030,d01947
G030,d01948
G030,d01949
G030,d01950
G030,d01951
G030,d01952
G030,d01953
G030,d01954
G030,d01955
G030,d01956
G030,d01957
G030,d01958
G030,d01959
G030,d01960
G030,d01961
G030,d01962
G030,d01963
G030,d01964
G030,d01965
G030,d01966
G030,d01967
G030,d01968
G030,d01969
G030,d01970
G030,d01971
G030,d01972
G030,d01973
G030,d01974
G030,d01975
G030,d01976
G030,d01977
G030,d01978
G030,d01979
G030,d01980
G030,d01981
G030,d01982
G030,d01983
G031,d01984
G031,d01985
G031,d01986
G031,d01987
G031,d01988
G031,d01989
G031,d01990
G031,d01991
G031,d01992
G031,d01993
G031,d01994
G031,d01995
G031,d01996
G031,d01997
G031,d01998
G031,d01999
G031,d02000
G031,d02001
G031,d02002
G031,d02003
G031,d02004
G031,d02005
G031,d02006
G031,d02007
G031,d02008
G031,d02009
G031,d02010
G031,d02011
G031,d02012
G031,d02013
G031,d02014
G031,d02015
G031,d02016
G031,d02017
G031,d02018
G031,d02019
G031,d02020
G031,d02021
G031,d02022
G031,d02023
G031,d02024
G031,d02025
G031,d02026
G031,d02027
G031,d02028
G031,d02029
G031,d02030
G031,d02031
G031,d02032
G031,d02033
G031,d02034
G031,d02035
G031,d02036
G031,d02037
G031,d02038
G031,d02039
G031,d02040
G031,d02041
G031,d02042
G031,d02043
G031,d02044
G031,d02045
G031,d02046
G031,d02047
G032,d02048
G032,d02049
G032,d02050
G032,d02051
G032,d02052
G032,d02053
G032,d02054
G032,d02055
G032,d02056
G032,d02057
G032,d02058
G032,d02059
G032,d02060
G032,d02061
G032,d02062
G032,d02063
G032,d02064
G032,d02065
G032,d02066
G032,d02067
G032,d02068
G032,d02069
G032,d02070
G032,d02071
G032,d02072
G032,d02073
G032,d02074
G032,d02075
G032,d02076
G032,d02077
G032,d02078
G032,d02079
G032,d02080
G032,d02081
G032,d02082
G032,d02083
G032,d02084
G032,d02085
G032,d02086
G032,d02087
G032,d02088
G032,d02089
G032,d02090
G032,d02091
G032,d02092
G032,d02093
G032,d02094
G032,d02095
G032,d02096
G032,d02097
G032,d02098
G032,d02099
G032,d02100
G032,d02101
G032,d02102
G032,d02103
G032,d02104
G032,d02105
G032,d02106
G032,d02107
G032,d02108
G032,d02109
G032,d02110
G032,d02111
G033,d02112
G033,d02113
G033,d02114
G033,d02115
G033,d02116
G033,d02117
G033,d02118
G033,d02119
G033,d02120
G033,d02121
G033,d02122
G033,d02123
G033,d02124
G033,d02125
G033,d02126
G033,d02127
G033,d02128
G033,d02129
G033,d02130
G033,d02131
G033,d02132
G033,d02133
G033,d02134
G033,d02135
G033,d02136
G033,d02137
G033,d02138
G033,d02139
G033,d02140
G033,d02141
G033,d02142
G033,d02143
G033,d02144
G033,d02145
G033,d02146
G033,d02147
G033,d02148
G033,d02149
G033,d02150
G033,d02151
G033,d02152
G033,d02153
G033,d02154
G033,d02155
G033,d02156
G033,d02157
G033,d02158
G033,d02159
G033,d02160
G033,d02161
G033,d02162
G033,d02163
G033,d02164
G033,d02165
G033,d02166
G033,d02167
G033,d02168
G033,d02169
G033,d02170
G033,d02171
G033,d02172
G033,d02173
G033,d02174
G033,d02175
G034,d02176
G034,d02177
G034,d02178
G034,d02179
G034,d02180
G034,d02181
G034,d02182
G034,d02183
G034,d02184
G034,d02185
G034,d02186
G034,d02187
G034,d02188
G034,d02189
G034,d02190
G034,d02191
G034,d02192
G034,d02193
G034,d02194
G034,d02195
G034,d02196
G034,d02197
G034,d02198
G034,d02199
G034,d02200
G034,d02201
G034,d02202
G034,d02203
G034,d02204
G034,d02205
G034,d02206
G034,d02207
G034,d02208
G034,d02209
G034,d02210
G034,d02211
G034,d02212
G034,d02213
G034,d02214
G034,d02215
G034,d02216
G034,d02217
G034,d02218
G034,d02219
G034,d02220
G034,d02221
G034,d02222
G034,d02223
G034,d02224
G034,d02225
G034,d02226
G034,d02227
G034,d02228
G034,d02229
G034,d02230
G034,d02231
G034,d02232
G034,d02233
G034,d02234
G034,d02235
G034,d02236
G034,d02237
G034,d02238
G034,d02239
G035,d02240
G035,d02241
G035,d02242
G035,d02243
G035,d02244
G035,d02245
G035,d02246
G035,d02247
G035,d02248
G035,d02249
G035,d02250
G035,d02251
G035,d02252
G035,d02253
G035,d02254
G035,d02255
G035,d02256
G035,d02257
G035,d02258
G035,d02259
G035,d02260
G035,d02261
G035,d02262
G035,d02263
G035,d02264
G035,d02265
G035,d02266
G035,d02267
G035,d02268
G035,d02269
G035,d02270
G035,d02271
G035,d02272
G035,d02273
G035,d02274
G035,d02275
G035,d02276
G035,d02277
G035,d02278
G035,d02279
G035,d02280
G035,d02281
G035,d02282
G035,d02283
G035,d02284
G035,d02285
G035,d02286
G035,d02287
G035,d02288
G035,d02289
G035,d02290
G035,d02291
G035,d02292
G035,d02293
G035,d02294
G035,d02295
G035,d02296
G035,d02297
G035,d02298
G035,d02299
G035,d02300
G035,d02301
G035,d02302
G035,d02303
G036,d02304
G036,d02305
G036,d02306
G036,d02307
G036,d02308
G036,d02309
G036,d02310
G036,d02311
G036,d02312
G036,d02313
G036,d02314
G036,d02315
G036,d02316
G036,d02317
G036,d02318
G036,d02319
G036,d02320
G036,d02321
G036,d02322
G036,d02323
G036,d02324
G036,d02325
G036,d02326
G036,d02327
G036,d02328
G036,d02329
G036,d02330
G036,d02331
G036,d02332
G036,d02333
G036,d02334
G036,d02335
G036,d02336
G036,d02337
G036,d02338
G036,d02339
G036,d02340
G036,d02341
G036,d02342
G036,d02343
G036,d02344
G036,d02345
G036,d02346
G036,d02347
G036,d02348
G036,d02349
G036,d02350
G036,d02351
G036,d02352
G036,d02353
G036,d02354
G036,d02355
G036,d02356
G036,d02357
G036,d02358
G036,d02359
G036,d02360
G036,d02361
G036,d02362
G036,d02363
G036,d02364
G036,d02365
G036,d02366
G036,d02367
G037,d02368
G037,d02369
G037,d02370
G037,d02371
G037,d02372
G037,d02373
G037,d02374
G037,d02375
G037,d02376
G037,d02377
G037,d02378
G037,d02379
G037,d02380
G037,d02381
G037,d02382
G037,d02383
G037,d02384
G037,d02385
G037,d02386
G037,d02387
G037,d02388
G037,d02389
G037,d02390
G037,d02391
G037,d02392
G037,d02393
G037,d02394
G037,d02395
G037,d02396
G037,d02397
G037,d02398
G037,d02399
G037,d02400
G037,d02401
G037,d02402
G037,d02403
G037,d02404
G037,d02405
G037,d02406
G037,d02407
G037,d02408
G037,d02409
G037,d02410
G037,d02411
G037,d02412
G037,d02413
G037,d02414
G037,d02415
G037,d02416
G037,d02417
G037,d02418
G037,d02419
G037,d02420
G037,d02421
G037,d02422
G037,d02423
G037,d02424
G037,d02425
G037,d02426
G037,d02427
G037,d02428
G037,d02429
G037,d02430
G037,d02431
G038,d02432
G038,d02433
G038,d02434
G038,d02435
G038,d02436
G038,d02437
G038,d02438
G038,d02439
G038,d02440
G038,d02441
G038,d02442
G038,d02443
G038,d02444
G038,d02445
G038,d02446
G038,d02447
G038,d02448
G038,d02449
G038,d02450
G038,d02451
G038,d02452
G038,d02453
G038,d02454
G038,d02455
G038,d02456
G038,d02457
G038,d02458
G038,d02459
G038,d02460
G038,d02461
G038,d02462
G038,d02463
G038,d02464
G038,d02465
G038,d02466
G038,d02467
G038,d02468
G038,d02469
G038,d02470
G038,d02471
G038,d02472
G038,d02473
G038,d02474
G038,d02475
G038,d02476
G038,d02477
G038,d02478
G038,d02479
G038,d02480
G038,d02481
G038,d02482
G038,d02483
G038,d02484
G038,d02485
G038,d02486
G038,d02487
G038,d02488
G038,d02489
G038,d02490
G038,d02491
G038,d02492
G038,d02493
G038,d02494
G038,d02495
G039,d02496
G039,d02497
G039,d02498
G039,d02499
G039,d02500
G039,d02501
G039,d02502
G039,d02503
G039,d02504
G039,d02505
G039,d02506
G039,d02507
G039,d02508
G039,d02509
G039,d02510
G039,d02511
G039,d02512
G039,d02513
G039,d02514
G039,d02515
G039,d02516
G039,d02517
G039,d02518
G039,d02519
G039,d02520
G039,d02521
G039,d02522
G039,d02523
G039,d02524
G039,d02525
G039,d02526
G039,d02527
G039,d02528
G039,d02529
G039,d02530
G039,d02531
G039,d02532
G039,d02533
G039,d02534
G039,d02535
G039,d02536
G039,d02537
G039,d02538
G039,d02539
G039,d02540
G039,d02541
G039,d02542
G039,d02543
G039,d02544
G039,d02545
G039,d02546
G039,d02547
G039,d02548
G039,d02549
G039,d02550
G039,d02551
G039,d02552
G039,d02553
G039,d02554
G039,d02555
G039,d02556
G039,d02557
G039,d02558
G039,d02559
G040,d02560
G040,d02561
G040,d02562
G040,d02563
G040,d02564
G040,d02565
G040,d02566
G040,d02567
G040,d02568
G040,d02569
G040,d02570
G040,d02571
G040,d02572
G040,d02573
G040,d02574
G040,d02575
G040,d02576
G040,d02577
G040,d02578
G040,d02579
G040,d02580
G040,d02581
G040,d02582
G040,d02583
G040,d02584
G040,d02585
G040,d02586
G040,d02587
G040,d02588
G040,d02589
G040,d02590
G040,d02591
G040,d02592
G040,d02593
G040,d02594
G040,d02595
G040,d02596
G040,d02597
G040,d02598
G040,d02599
G040,d02600
G040,d02601
G040,d02602
G040,d02603
G040,d02604
G040,d02605
G040,d02606
G040,d02607
G040,d02608
G040,d02609
G040,d02610
G040,d02611
G040,d02612
G040,d02613
G040,d02614
G040,d02615
G040,d02616
G040,d02617
G040,d02618
G040,d02619
G040,d02620
G040,d02621
G040,d02622
G040,d02623
G041,d02624
G041,d02625
G041,d02626
G041,d02627
G041,d02628
G041,d02629
G041,d02630
G041,d02631
G041,d02632
G041,d02633
G041,d02634
G041,d02635
G041,d02636
G041,d02637
G041,d02638
G041,d02639
G041,d02640
G041,d02641
G041,d02642
G041,d02643
G041,d02644
G041,d02645
G041,d02646
G041,d02647
G041,d02648
G041,d02649
G041,d02650
G041,d02651
G041,d02652
G041,d02653
G041,d02654
G041,d02655
G041,d02656
G041,d02657
G041,d02658
G041,d02659
G041,d02660
G041,d02661
G041,d02662
G041,d02663
G041,d02664
G041,d02665
G041,d02666
G041,d02667
G041,d02668
G041,d02669
G041,d02670
G041,d02671
G041,d02672
G041,d02673
G041,d02674
G041,d02675
G041,d02676
G041,d02677
G041,d02678
G041,d02679
G041,d02680
G041,d02681
G041,d02682
G041,d02683
G041,d02684
G041,d02685
G041,d02686
G041,d02687
G042,d02688
G042,d02689
G042,d02690
G042,d02691
G042,d02692
G042,d02693
G042,d02694
G042,d02695
G042,d02696
G042,d02697
G042,d02698
G042,d02699
G042,d02700
G042,d02701
G042,d02702
G042,d02703
G042,d02704
G042,d02705
G042,d02706
G042,d02707
G042,d02708
G042,d02709
G042,d02710
G042,d02711
G042,d02712
G042,d02713
G042,d02714
G042,d02715
G042,d02716
G042,d02717
G042,d02718
G042,d02719
G042,d02720
G042,d02721
G042,d02722
G042,d02723
G042,d02724
G042,d02725
G042,d02726
G042,d02727
G042,d02728
G042,d02729
G042,d02730
G042,d02731
G042,d02732
G042,d02733
G042,d02734
G042,d02735
G042,d02736
G042,d02737
G042,d02738
G042,d02739
G042,d02740
G042,d02741
G042,d02742
G042,d02743
G042,d02744
G042,d02745
G042,d02746
G042,d02747
G042,d02748
G042,d02749
G042,d02750
G042,d02751
G043,d02752
G043,d02753
G043,d02754
G043,d02755
G043,d02756
G043,d02757
G043,d02758
G043,d02759
G043,d02760
G043,d02761
G043,d02762
G043,d02763
G043,d02764
G043,d02765
G043,d02766
G043,d02767
G043,d02768
G043,d02769
G043,d02770
G043,d02771
G043,d02772
G043,d02773
G043,d02774
G043,d02775
G043,d02776
G043,d02777
G043,d02778
G043,d02779
G043,d02780
G043,d02781
G043,d02782
G043,d02783
G043,d02784
G043,d02785
G043,d02786
G043,d02787
G043,d02788
G043,d02789
G043,d02790
G043,d02791
G043,d02792
G043,d02793
G043,d02794
G043,d02795
G043,d02796
G043,d02797
G043,d02798
G043,d02799
G043,d02800
G043,d02801
G043,d02802
G043,d02803
G043,d02804
G043,d02805
G043,d02806
G043,d02807
G043,d02808
G043,d02809
G043,d02810
G043,d02811
G043,d02812
G043,d02813
G043,d02814
G043,d02815
G044,d02816
G044,d02817
G044,d02818
G044,d02819
G044,d02820
G044,d02821
G044,d02822
G044,d02823
G044,d02824
G044,d02825
G044,d02826
G044,d02827
G044,d02828
G044,d02829
G044,d02830
G044,d02831
G044,d02832
G044,d02833
G044,d02834
G044,d02835
G044,d02836
G044,d02837
G044,d02838
G044,d02839
G044,d02840
G044,d02841
G044,d02842
G044,d02843
G044,d02844
G044,d02845
G044,d02846
G044,d02847
G044,d02848
G044,d02849
G044,d02850
G044,d02851
G044,d02852
G044,d02853
G044,d02854
G044,d02855
G044,d02856
G044,d02857
G044,d02858
G044,d02859
G044,d02860
G044,d02861
G044,d02862
G044,d02863
G044,d02864
G044,d02865
G044,d02866
G044,d02867
G044,d02868
G044,d02869
G044,d02870
G044,d02871
G044,d02872
G044,d02873
G044,d02874
G044,d02875
G044,d02876
G044,d02877
G044,d02878
G044,d02879
G045,d02880
G045,d02881
G045,d02882
G045,d02883
G045,d02884
G045,d02885
G045,d02886
G045,d02887
G045,d02888
G045,d02889
G045,d02890
G045,d02891
G045,d02892
G045,d02893
G045,d02894
G045,d02895
G045,d02896
G045,d02897
G045,d02898
G045,d02899
G045,d02900
G045,d02901
G045,d02902
G045,d02903
G045,d02904
G045,d02905
G045,d02906
G045,d02907
G045,d02908
G045,d02909
G045,d02910
G045,d02911
G045,d02912
G045,d02913
G045,d02914
G045,d02915
G045,d02916
G045,d02917
G045,d02918
G045,d02919
G045,d02920
G045,d02921
G045,d02922
G045,d02923
G045,d02924
G045,d02925
G045,d02926
G045,d02927
G045,d02928
G045,d02929
G045,d02930
G045,d02931
G045,d02932
G045,d02933
G045,d02934
G045,d02935
G045,d02936
G045,d02937
G045,d02938
G045,d02939
G045,d02940
G045,d02941
G045,d02942
G045,d02943
G046,d02944
G046,d02945
G046,d02946
G046,d02947
G046,d02948
G046,d02949
G046,d02950
G046,d02951
G046,d02952
G046,d02953
G046,d02954
G046,d02955
G046,d02956
G046,d02957
G046,d02958
G046,d02959
G046,d02960
G046,d02961
G046,d02962
G046,d02963
G046,d02964
G046,d02965
G046,d02966
G046,d02967
G046,d02968
G046,d02969
G046,d02970
G046,d02971
G046,d02972
G046,d02973
G046,d02974
G046,d02975
G046,d02976
G046,d02977
G046,d02978
G046,d02979
G046,d02980
G046,d02981
G046,d02982
G046,d02983
G046,d02984
G046,d02985
G046,d02986
G046,d02987
G046,d02988
G046,d02989
G046,d02990
G046,d02991
G046,d02992
G046,d02993
G046,d02994
G046,d02995
G046,d02996
G046,d02997
G046,d02998
G046,d02999
G046,d03000
G046,d03001
G046,d03002
G046,d03003
G046,d03004
G046,d03005
G046,d03006
G046,d03007
G047,d03008
G047,d03009
G047,d03010
G047,d03011
G047,d03012
G047,d03013
G047,d03014
G047,d03015
G047,d03016
G047,d03017
G047,d03018
G047,d03019
G047,d03020
G047,d03021
G047,d03022
G047,d03023
G047,d03024
G047,d03025
G047,d03026
G047,d03027
G047,d03028
G047,d03029
G047,d03030
G047,d03031
G047,d03032
G047,d03033
G047,d03034
G047,d03035
G047,d03036
G047,d03037
G047,d03038
G047,d03039
G047,d03040
G047,d03041
G047,d03042
G047,d03043
G047,d03044
G047,d03045
G047,d03046
G047,d03047
G047,d03048
G047,d03049
G047,d03050
G047,d03051
G047,d03052
G047,d03053
G047,d03054
G047,d03055
G047,d03056
G047,d03057
G047,d03058
G047,d03059
G047,d03060
G047,d03061
G047,d03062
G047,d03063
G047,d03064
G047,d03065
G047,d03066
G047,d03067
G047,d03068
G047,d03069
G047,d03070
G047,d03071
G048,d03072
G048,d03073
G048,d03074
G048,d03075
G048,d03076
G048,d03077
G048,d03078
G048,d03079
G048,d03080
G048,d03081
G048,d03082
G048,d03083
G048,d03084
G048,d03085
G048,d03086
G048,d03087
G048,d03088
G048,d03089
G048,d03090
G048,d03091
G048,d03092
G048,d03093
G048,d03094
G048,d03095
G048,d03096
G048,d03097
G048,d03098
G048,d03099
G048,d03100
G048,d03101
G048,d03102
G048,d03103
G048,d03104
G048,d03105
G048,d03106
G048,d03107
G048,d03108
G048,d03109
G048,d03110
G048,d03111
G048,d03112
G048,d03113
G048,d03114
G048,d03115
G048,d03116
G048,d03117
G048,d03118
G048,d03119
G048,d03120
G048,d03121
G048,d03122
G048,d03123
G048,d03124
G048,d03125
G048,d03126
G048,d03127
G048,d03128
G048,d03129
G048,d03130
G048,d03131
G048,d03132
G048,d03133
G048,d03134
G048,d03135
G049,d03136
G049,d03137
G049,d03138
G049,d03139
G049,d03140
G049,d03141
G049,d03142
G049,d03143
G049,d03144
G049,d03145
G049,d03146
G049,d03147
G049,d03148
G049,d03149
G049,d03150
G049,d03151
G049,d03152
G049,d03153
G049,d03154
G049,d03155
G049,d03156
G049,d03157
G049,d03158
G049,d03159
G049,d03160
G049,d03161
G049,d03162
G049,d03163
G049,d03164
G049,d03165
G049,d03166
G049,d03167
G049,d03168
G049,d03169
G049,d03170
G049,d03171
G049,d03172
G049,d03173
G049,d03174
G049,d03175
G049,d03176
G049,d03177
G049,d03178
G049,d03179
G049,d03180
G049,d03181
G049,d03182
G049,d03183
G049,d03184
G049,d03185
G049,d03186
G049,d03187
G049,d03188
G049,d03189
G049,d03190
G049,d03191
G049,d03192
G049,d03193
G049,d03194
G049,d03195
G049,d03196
G049,d03197
G049,d03198
G049,d03199
G050,d03200
G050,d03201
G050,d03202
G050,d03203
G050,d03204
G050,d03205
G050,d03206
G050,d03207
G050,d03208
G050,d03209
G050,d03210
G050,d03211
G050,d03212
G050,d03213
G050,d03214
G050,d03215
G050,d03216
G050,d03217
G050,d03218
G050,d03219
G050,d03220
G050,d03221
G050,d03222
G050,d03223
G050,d03224
G050,d03225
G050,d03226
G050,d03227
G050,d03228
G050,d03229
G050,d03230
G050,d03231
G050,d03232
G050,d03233
G050,d03234
G050,d03235
G050,d03236
G050,d03237
G050,d03238
G050,d03239
G050,d03240
G050,d03241
G050,d03242
G050,d03243
G050,d03244
G050,d03245
G050,d03246
G050,d03247
G050,d03248
G050,d03249
G050,d03250
G050,d03251
G050,d03252
G050,d03253
G050,d03254
G050,d03255
G050,d03256
G050,d03257
G050,d03258
G050,d03259
G050,d03260
G050,d03261
G050,d03262
G050,d03263
G051,d03264
G051,d03265
G051,d03266
G051,d03267
G051,d03268
G051,d03269
G051,d03270
G051,d03271
G051,d03272
G051,d03273
G051,d03274
G051,d03275
G051,d03276
G051,d03277
G051,d03278
G051,d03279
G051,d03280
G051,d03281
G051,d03282
G051,d03283
G051,d03284
G051,d03285
G051,d03286
G051,d03287
G051,d03288
G051,d03289
G051,d03290
G051,d03291
G051,d03292
G051,d03293
G051,d03294
G051,d03295
G051,d03296
G051,d03297
G051,d03298
G051,d03299
G051,d03300
G051,d03301
G051,d03302
G051,d03303
G051,d03304
G051,d03305
G051,d03306
G051,d03307
G051,d03308
G051,d03309
G051,d03310
G051,d03311
G051,d03312
G051,d03313
G051,d03314
G051,d03315
G051,d03316
G051,d03317
G051,d03318
G051,d03319
G051,d03320
G051,d03321
G051,d03322
G051,d03323
G051,d03324
G051,d03325
G051,d03326
G051,d03327
