id_edge,source_node,target_node,flow_cost,fixed_cost
0,484,0,9.0,52.0
1,0,396,5.0,50.0
2,396,0,0.0,59.0
3,0,45,10.0,80.0
4,45,0,1.0,57.0
5,0,286,8.0,53.0
6,286,0,2.0,83.0
7,0,36,1.0,97.0
8,36,0,7.0,61.0
9,0,3,7.0,66.0
10,3,0,10.0,66.0
11,0,7,1.0,69.0
12,7,0,5.0,51.0
13,0,16,3.0,95.0
14,16,0,5.0,63.0
15,0,25,9.0,71.0
16,25,0,0.0,93.0
17,0,73,6.0,67.0
18,73,0,1.0,87.0
19,0,22,9.0,72.0
20,22,0,0.0,98.0
21,0,15,6.0,94.0
22,15,0,10.0,87.0
23,0,180,0.0,76.0
24,180,0,6.0,65.0
25,0,163,8.0,73.0
26,163,0,3.0,56.0
27,0,2,7.0,69.0
28,2,0,4.0,55.0
29,0,9,9.0,71.0
30,9,0,7.0,65.0
31,0,14,7.0,90.0
32,14,0,4.0,50.0
33,0,38,4.0,98.0
34,38,0,5.0,66.0
35,0,35,10.0,60.0
36,35,0,1.0,70.0
37,0,32,1.0,87.0
38,32,0,3.0,75.0
39,0,47,3.0,56.0
40,47,0,4.0,72.0
41,0,103,10.0,60.0
42,103,0,3.0,85.0
43,0,27,10.0,100.0
44,27,0,6.0,85.0
45,0,5,6.0,56.0
46,5,0,1.0,61.0
47,0,100,6.0,56.0
48,100,0,0.0,67.0
49,0,436,4.0,52.0
50,436,0,1.0,89.0
51,0,90,6.0,89.0
52,90,0,1.0,63.0
53,0,169,7.0,73.0
54,169,0,5.0,71.0
55,0,11,5.0,95.0
56,11,0,8.0,70.0
57,0,57,2.0,81.0
58,57,0,8.0,50.0
59,0,71,10.0,59.0
60,71,0,1.0,57.0
61,0,171,3.0,96.0
62,171,0,6.0,71.0
63,0,167,7.0,58.0
64,167,0,0.0,81.0
65,0,244,0.0,75.0
66,244,0,8.0,88.0
67,0,450,6.0,78.0
68,450,0,8.0,82.0
69,0,77,1.0,82.0
70,77,0,6.0,92.0
71,0,4,1.0,54.0
72,4,0,5.0,94.0
73,0,240,2.0,78.0
74,240,0,8.0,57.0
75,0,1,7.0,68.0
76,1,240,0.0,94.0
77,240,1,8.0,97.0
78,1,4,1.0,66.0
79,4,1,7.0,51.0
80,1,258,8.0,83.0
81,258,1,2.0,52.0
82,1,291,2.0,72.0
83,291,1,4.0,88.0
84,1,328,8.0,66.0
85,328,1,4.0,72.0
86,1,13,6.0,65.0
87,13,1,4.0,52.0
88,1,260,3.0,81.0
89,260,1,0.0,63.0
90,1,2,2.0,62.0
91,2,1,8.0,90.0
92,1,83,1.0,98.0
93,83,1,1.0,63.0
94,1,28,5.0,62.0
95,28,1,5.0,94.0
96,1,218,9.0,96.0
97,218,1,6.0,56.0
98,1,8,5.0,67.0
99,8,1,9.0,55.0
100,1,21,4.0,90.0
101,21,1,0.0,98.0
102,1,187,8.0,80.0
103,187,1,10.0,92.0
104,1,63,6.0,84.0
105,63,1,4.0,68.0
106,1,366,1.0,67.0
107,366,1,2.0,89.0
108,1,80,9.0,66.0
109,80,1,6.0,74.0
110,1,318,5.0,90.0
111,318,1,2.0,60.0
112,1,449,10.0,94.0
113,449,1,3.0,90.0
114,1,118,10.0,95.0
115,118,1,3.0,82.0
116,1,235,0.0,55.0
117,235,1,2.0,64.0
118,1,184,4.0,77.0
119,184,1,9.0,52.0
120,1,164,2.0,99.0
121,164,1,10.0,93.0
122,1,3,6.0,69.0
123,3,1,1.0,80.0
124,1,58,1.0,96.0
125,58,1,0.0,67.0
126,1,209,9.0,55.0
127,209,1,9.0,79.0
128,1,117,0.0,56.0
129,117,1,10.0,62.0
130,1,36,7.0,64.0
131,36,1,1.0,74.0
132,1,263,8.0,55.0
133,263,1,4.0,80.0
134,1,261,4.0,99.0
135,261,1,5.0,74.0
136,1,290,4.0,60.0
137,290,1,3.0,82.0
138,1,334,5.0,87.0
139,334,1,9.0,76.0
140,1,466,7.0,87.0
141,466,1,1.0,57.0
142,1,487,4.0,71.0
143,487,1,6.0,67.0
144,1,141,5.0,93.0
145,141,1,5.0,89.0
146,1,45,9.0,99.0
147,45,1,9.0,63.0
148,1,396,9.0,84.0
149,396,1,1.0,100.0
150,1,484,0.0,75.0
151,484,1,7.0,71.0
152,2,260,9.0,85.0
153,260,2,3.0,97.0
154,2,13,4.0,82.0
155,13,2,9.0,62.0
156,2,52,10.0,74.0
157,52,2,9.0,81.0
158,2,330,0.0,55.0
159,330,2,9.0,99.0
160,2,34,6.0,79.0
161,34,2,7.0,74.0
162,2,152,9.0,70.0
163,152,2,3.0,62.0
164,2,154,3.0,96.0
165,154,2,10.0,94.0
166,2,196,1.0,80.0
167,196,2,6.0,57.0
168,2,53,10.0,99.0
169,53,2,8.0,67.0
170,2,356,8.0,75.0
171,356,2,6.0,98.0
172,2,81,6.0,58.0
173,81,2,4.0,89.0
174,2,368,2.0,92.0
175,368,2,8.0,74.0
176,2,343,3.0,84.0
177,343,2,9.0,67.0
178,2,69,5.0,76.0
179,69,2,6.0,89.0
180,2,195,7.0,65.0
181,195,2,6.0,51.0
182,2,96,8.0,62.0
183,96,2,1.0,81.0
184,2,270,10.0,53.0
185,270,2,1.0,72.0
186,2,112,6.0,77.0
187,112,2,3.0,99.0
188,2,236,2.0,77.0
189,236,2,2.0,82.0
190,2,177,7.0,100.0
191,177,2,9.0,80.0
192,2,310,1.0,82.0
193,310,2,9.0,62.0
194,2,19,1.0,58.0
195,19,2,6.0,61.0
196,2,128,7.0,83.0
197,128,2,2.0,84.0
198,2,381,5.0,67.0
199,381,2,1.0,69.0
200,2,4,6.0,87.0
201,4,2,7.0,58.0
202,2,40,1.0,61.0
203,40,2,10.0,87.0
204,2,400,6.0,64.0
205,400,2,9.0,61.0
206,2,6,5.0,75.0
207,6,2,9.0,92.0
208,2,370,10.0,54.0
209,370,2,10.0,75.0
210,2,499,3.0,99.0
211,499,2,2.0,97.0
212,2,202,0.0,62.0
213,202,2,8.0,60.0
214,2,10,8.0,83.0
215,10,2,6.0,92.0
216,2,282,4.0,51.0
217,282,2,9.0,97.0
218,2,321,6.0,53.0
219,321,2,8.0,51.0
220,2,267,7.0,65.0
221,267,2,8.0,74.0
222,2,382,4.0,54.0
223,382,2,4.0,63.0
224,2,455,10.0,97.0
225,455,2,3.0,68.0
226,2,160,8.0,58.0
227,160,2,4.0,66.0
228,2,394,5.0,94.0
229,394,2,2.0,74.0
230,2,42,4.0,91.0
231,42,2,7.0,51.0
232,2,185,4.0,97.0
233,185,2,8.0,53.0
234,2,139,5.0,63.0
235,139,2,8.0,52.0
236,2,253,10.0,76.0
237,253,2,8.0,84.0
238,2,420,5.0,68.0
239,420,2,2.0,66.0
240,2,193,4.0,54.0
241,193,2,1.0,50.0
242,2,75,5.0,87.0
243,75,2,9.0,100.0
244,2,407,6.0,87.0
245,407,2,10.0,65.0
246,2,403,5.0,69.0
247,403,2,7.0,61.0
248,2,355,5.0,51.0
249,355,2,8.0,56.0
250,2,225,3.0,60.0
251,225,2,8.0,89.0
252,2,181,10.0,100.0
253,181,2,5.0,81.0
254,2,31,5.0,68.0
255,31,2,3.0,94.0
256,2,92,4.0,100.0
257,92,2,1.0,92.0
258,2,226,5.0,86.0
259,226,2,1.0,64.0
260,2,91,10.0,88.0
261,91,2,7.0,63.0
262,2,179,6.0,76.0
263,179,2,9.0,65.0
264,2,5,8.0,93.0
265,5,2,7.0,82.0
266,2,99,9.0,73.0
267,99,2,8.0,88.0
268,2,9,4.0,76.0
269,9,2,10.0,87.0
270,2,163,8.0,58.0
271,163,2,3.0,100.0
272,2,15,10.0,71.0
273,15,2,3.0,72.0
274,2,49,0.0,62.0
275,49,2,6.0,58.0
276,2,326,7.0,83.0
277,326,2,4.0,65.0
278,2,422,1.0,100.0
279,422,2,8.0,75.0
280,2,17,10.0,64.0
281,17,2,0.0,52.0
282,2,20,7.0,76.0
283,20,2,7.0,81.0
284,2,215,2.0,76.0
285,215,2,2.0,67.0
286,2,303,9.0,62.0
287,303,2,4.0,80.0
288,2,418,10.0,88.0
289,418,2,3.0,94.0
290,2,379,10.0,68.0
291,379,2,10.0,56.0
292,2,82,6.0,58.0
293,82,2,4.0,88.0
294,2,481,10.0,77.0
295,481,2,0.0,99.0
296,2,7,3.0,61.0
297,7,2,4.0,86.0
298,2,85,9.0,52.0
299,85,2,2.0,74.0
300,2,12,7.0,98.0
301,12,2,4.0,99.0
302,2,480,7.0,90.0
303,480,2,1.0,61.0
304,2,64,5.0,67.0
305,64,2,4.0,93.0
306,2,498,8.0,67.0
307,498,2,9.0,62.0
308,2,251,5.0,75.0
309,251,2,3.0,91.0
310,2,29,2.0,55.0
311,29,2,10.0,94.0
312,2,373,3.0,73.0
313,373,2,5.0,67.0
314,2,250,6.0,85.0
315,250,2,6.0,74.0
316,2,230,7.0,54.0
317,230,2,2.0,62.0
318,2,94,5.0,92.0
319,94,2,10.0,53.0
320,2,26,4.0,71.0
321,26,2,0.0,50.0
322,2,211,1.0,78.0
323,211,2,0.0,56.0
324,2,3,5.0,73.0
325,3,2,1.0,58.0
326,2,8,9.0,97.0
327,8,2,2.0,57.0
328,2,70,2.0,96.0
329,70,2,5.0,50.0
330,2,50,3.0,66.0
331,50,2,3.0,78.0
332,2,97,2.0,59.0
333,97,2,1.0,84.0
334,2,28,9.0,100.0
335,28,2,8.0,68.0
336,2,462,3.0,71.0
337,462,2,3.0,58.0
338,2,83,5.0,65.0
339,83,2,3.0,54.0
340,3,211,9.0,74.0
341,211,3,5.0,89.0
342,3,26,1.0,72.0
343,26,3,9.0,92.0
344,3,194,9.0,57.0
345,194,3,2.0,77.0
346,3,12,6.0,82.0
347,12,3,8.0,91.0
348,3,24,5.0,72.0
349,24,3,5.0,91.0
350,3,106,0.0,95.0
351,106,3,2.0,84.0
352,3,124,10.0,88.0
353,124,3,3.0,96.0
354,3,199,9.0,71.0
355,199,3,9.0,87.0
356,3,7,3.0,61.0
357,7,3,5.0,51.0
358,3,36,2.0,92.0
359,36,3,10.0,66.0
360,3,60,10.0,90.0
361,60,3,7.0,92.0
362,3,415,0.0,99.0
363,415,3,3.0,56.0
364,3,58,4.0,67.0
365,58,3,5.0,88.0
366,3,164,4.0,95.0
367,164,3,4.0,96.0
368,3,118,5.0,92.0
369,118,3,9.0,87.0
370,3,80,4.0,92.0
371,80,3,6.0,56.0
372,3,63,4.0,66.0
373,63,3,7.0,96.0
374,3,384,8.0,71.0
375,384,3,5.0,85.0
376,3,479,5.0,88.0
377,479,3,6.0,61.0
378,3,89,8.0,50.0
379,89,3,8.0,87.0
380,3,426,5.0,53.0
381,426,3,3.0,77.0
382,3,21,4.0,84.0
383,21,3,1.0,90.0
384,3,74,7.0,97.0
385,74,3,1.0,57.0
386,3,451,6.0,66.0
387,451,3,0.0,77.0
388,3,33,5.0,85.0
389,33,3,0.0,94.0
390,3,285,9.0,61.0
391,285,3,7.0,51.0
392,3,8,0.0,99.0
393,8,3,5.0,53.0
394,4,240,4.0,66.0
395,240,4,0.0,98.0
396,4,77,4.0,68.0
397,77,4,2.0,62.0
398,4,438,9.0,51.0
399,438,4,1.0,51.0
400,4,192,1.0,51.0
401,192,4,6.0,86.0
402,4,71,2.0,63.0
403,71,4,8.0,65.0
404,4,331,4.0,65.0
405,331,4,5.0,96.0
406,4,57,2.0,52.0
407,57,4,9.0,84.0
408,4,232,4.0,93.0
409,232,4,4.0,87.0
410,4,93,10.0,88.0
411,93,4,6.0,89.0
412,4,135,8.0,78.0
413,135,4,4.0,81.0
414,4,204,8.0,94.0
415,204,4,8.0,89.0
416,4,87,0.0,67.0
417,87,4,6.0,87.0
418,4,11,8.0,80.0
419,11,4,10.0,58.0
420,4,471,3.0,64.0
421,471,4,3.0,74.0
422,4,5,8.0,58.0
423,5,4,3.0,64.0
424,4,18,5.0,93.0
425,18,4,10.0,98.0
426,4,437,0.0,59.0
427,437,4,9.0,62.0
428,4,444,2.0,98.0
429,444,4,3.0,89.0
430,4,228,2.0,97.0
431,228,4,1.0,98.0
432,4,170,10.0,59.0
433,170,4,0.0,75.0
434,4,443,5.0,72.0
435,443,4,4.0,69.0
436,4,183,9.0,52.0
437,183,4,9.0,87.0
438,4,249,9.0,55.0
439,249,4,6.0,100.0
440,4,130,1.0,74.0
441,130,4,3.0,64.0
442,4,104,10.0,99.0
443,104,4,9.0,100.0
444,4,447,3.0,62.0
445,447,4,7.0,79.0
446,4,151,8.0,62.0
447,151,4,3.0,94.0
448,4,68,0.0,94.0
449,68,4,9.0,67.0
450,4,213,2.0,72.0
451,213,4,1.0,90.0
452,4,6,9.0,74.0
453,6,4,6.0,84.0
454,4,40,7.0,77.0
455,40,4,9.0,84.0
456,4,381,4.0,83.0
457,381,4,4.0,74.0
458,4,128,1.0,50.0
459,128,4,8.0,79.0
460,4,229,1.0,97.0
461,229,4,10.0,70.0
462,4,490,5.0,77.0
463,490,4,9.0,95.0
464,4,19,4.0,83.0
465,19,4,4.0,53.0
466,4,23,5.0,63.0
467,23,4,9.0,96.0
468,4,13,9.0,55.0
469,13,4,6.0,62.0
470,4,401,8.0,92.0
471,401,4,6.0,97.0
472,4,258,1.0,55.0
473,258,4,5.0,88.0
474,5,27,1.0,96.0
475,27,5,9.0,62.0
476,5,101,9.0,57.0
477,101,5,1.0,89.0
478,5,165,5.0,93.0
479,165,5,5.0,98.0
480,5,61,2.0,77.0
481,61,5,8.0,87.0
482,5,346,10.0,55.0
483,346,5,4.0,77.0
484,5,385,9.0,63.0
485,385,5,1.0,52.0
486,5,66,4.0,68.0
487,66,5,0.0,79.0
488,5,72,10.0,86.0
489,72,5,0.0,99.0
490,5,84,9.0,56.0
491,84,5,7.0,93.0
492,5,268,8.0,100.0
493,268,5,10.0,90.0
494,5,14,2.0,98.0
495,14,5,7.0,61.0
496,5,145,5.0,74.0
497,145,5,3.0,62.0
498,5,309,7.0,80.0
499,309,5,4.0,71.0
500,5,246,8.0,62.0
501,246,5,6.0,68.0
502,5,9,7.0,63.0
503,9,5,9.0,71.0
504,5,99,7.0,62.0
505,99,5,0.0,57.0
506,5,179,2.0,95.0
507,179,5,2.0,77.0
508,5,224,0.0,64.0
509,224,5,6.0,89.0
510,5,91,1.0,90.0
511,91,5,7.0,79.0
512,5,374,5.0,92.0
513,374,5,0.0,61.0
514,5,31,2.0,90.0
515,31,5,9.0,82.0
516,5,56,4.0,61.0
517,56,5,6.0,88.0
518,5,485,4.0,78.0
519,485,5,4.0,50.0
520,5,10,9.0,69.0
521,10,5,2.0,74.0
522,5,114,10.0,57.0
523,114,5,10.0,68.0
524,5,159,6.0,86.0
525,159,5,8.0,95.0
526,5,273,9.0,53.0
527,273,5,10.0,73.0
528,5,390,8.0,76.0
529,390,5,1.0,65.0
530,5,296,1.0,81.0
531,296,5,1.0,92.0
532,5,491,9.0,80.0
533,491,5,1.0,53.0
534,5,358,4.0,92.0
535,358,5,6.0,90.0
536,5,266,9.0,64.0
537,266,5,6.0,90.0
538,5,43,10.0,65.0
539,43,5,5.0,63.0
540,5,248,0.0,87.0
541,248,5,10.0,54.0
542,5,6,3.0,65.0
543,6,5,5.0,72.0
544,5,115,3.0,92.0
545,115,5,10.0,97.0
546,5,435,4.0,55.0
547,435,5,7.0,69.0
548,5,388,5.0,79.0
549,388,5,10.0,93.0
550,5,255,0.0,71.0
551,255,5,10.0,63.0
552,5,51,9.0,89.0
553,51,5,6.0,90.0
554,5,41,2.0,97.0
555,41,5,5.0,76.0
556,5,37,8.0,86.0
557,37,5,8.0,78.0
558,5,123,9.0,81.0
559,123,5,9.0,62.0
560,5,79,10.0,58.0
561,79,5,10.0,55.0
562,5,18,3.0,71.0
563,18,5,8.0,81.0
564,5,471,2.0,83.0
565,471,5,6.0,95.0
566,5,11,5.0,98.0
567,11,5,3.0,88.0
568,5,131,6.0,94.0
569,131,5,10.0,65.0
570,5,219,8.0,96.0
571,219,5,2.0,98.0
572,5,162,1.0,60.0
573,162,5,3.0,93.0
574,5,242,6.0,82.0
575,242,5,4.0,56.0
576,5,90,0.0,55.0
577,90,5,3.0,96.0
578,5,405,2.0,58.0
579,405,5,5.0,58.0
580,5,186,4.0,66.0
581,186,5,3.0,100.0
582,5,323,4.0,96.0
583,323,5,3.0,99.0
584,5,146,8.0,80.0
585,146,5,2.0,88.0
586,5,100,9.0,56.0
587,100,5,3.0,94.0
588,6,248,5.0,87.0
589,248,6,5.0,70.0
590,6,43,4.0,67.0
591,43,6,9.0,60.0
592,6,10,9.0,90.0
593,10,6,9.0,94.0
594,6,202,1.0,78.0
595,202,6,0.0,97.0
596,6,370,1.0,96.0
597,370,6,9.0,62.0
598,6,400,10.0,74.0
599,400,6,6.0,63.0
600,6,40,4.0,93.0
601,40,6,2.0,57.0
602,6,213,10.0,74.0
603,213,6,1.0,85.0
604,6,68,0.0,81.0
605,68,6,1.0,91.0
606,6,18,0.0,74.0
607,18,6,1.0,56.0
608,6,37,7.0,69.0
609,37,6,6.0,92.0
610,6,362,0.0,60.0
611,362,6,3.0,61.0
612,6,41,10.0,53.0
613,41,6,7.0,84.0
614,6,136,4.0,84.0
615,136,6,4.0,57.0
616,6,51,5.0,98.0
617,51,6,5.0,59.0
618,6,115,6.0,73.0
619,115,6,1.0,84.0
620,7,199,4.0,81.0
621,199,7,3.0,77.0
622,7,124,9.0,88.0
623,124,7,6.0,52.0
624,7,106,0.0,91.0
625,106,7,9.0,68.0
626,7,24,4.0,100.0
627,24,7,4.0,57.0
628,7,350,5.0,88.0
629,350,7,3.0,86.0
630,7,12,4.0,71.0
631,12,7,7.0,74.0
632,7,284,0.0,88.0
633,284,7,0.0,99.0
634,7,488,2.0,53.0
635,488,7,5.0,79.0
636,7,311,1.0,60.0
637,311,7,6.0,59.0
638,7,149,3.0,80.0
639,149,7,4.0,56.0
640,7,85,2.0,74.0
641,85,7,9.0,98.0
642,7,481,0.0,94.0
643,481,7,8.0,50.0
644,7,82,10.0,67.0
645,82,7,5.0,81.0
646,7,20,3.0,50.0
647,20,7,2.0,78.0
648,7,17,9.0,56.0
649,17,7,10.0,78.0
650,7,391,4.0,80.0
651,391,7,2.0,89.0
652,7,175,6.0,98.0
653,175,7,6.0,92.0
654,7,432,0.0,68.0
655,432,7,2.0,82.0
656,7,119,0.0,94.0
657,119,7,6.0,51.0
658,7,39,10.0,94.0
659,39,7,0.0,79.0
660,7,254,1.0,92.0
661,254,7,1.0,80.0
662,7,217,6.0,87.0
663,217,7,0.0,72.0
664,7,288,9.0,96.0
665,288,7,9.0,98.0
666,7,86,4.0,83.0
667,86,7,1.0,51.0
668,7,15,3.0,84.0
669,15,7,8.0,65.0
670,7,148,9.0,86.0
671,148,7,6.0,53.0
672,7,496,0.0,99.0
673,496,7,5.0,97.0
674,7,105,7.0,81.0
675,105,7,4.0,58.0
676,7,357,6.0,79.0
677,357,7,6.0,97.0
678,7,98,6.0,97.0
679,98,7,6.0,57.0
680,7,88,0.0,53.0
681,88,7,10.0,68.0
682,7,30,1.0,61.0
683,30,7,0.0,85.0
684,7,16,9.0,82.0
685,16,7,10.0,74.0
686,8,285,2.0,85.0
687,285,8,10.0,95.0
688,8,33,0.0,66.0
689,33,8,2.0,67.0
690,8,55,9.0,96.0
691,55,8,5.0,50.0
692,8,48,6.0,95.0
693,48,8,6.0,66.0
694,8,21,5.0,96.0
695,21,8,5.0,70.0
696,8,218,6.0,54.0
697,218,8,6.0,89.0
698,8,28,0.0,93.0
699,28,8,8.0,66.0
700,8,239,7.0,60.0
701,239,8,4.0,63.0
702,8,50,3.0,84.0
703,50,8,2.0,57.0
704,8,341,2.0,58.0
705,341,8,4.0,96.0
706,8,348,4.0,91.0
707,348,8,4.0,73.0
708,8,157,9.0,67.0
709,157,8,7.0,76.0
710,8,208,5.0,55.0
711,208,8,8.0,63.0
712,8,314,4.0,54.0
713,314,8,7.0,74.0
714,8,70,1.0,92.0
715,70,8,10.0,99.0
716,9,99,5.0,60.0
717,99,9,9.0,97.0
718,9,246,7.0,60.0
719,246,9,8.0,89.0
720,9,145,6.0,98.0
721,145,9,2.0,94.0
722,9,222,7.0,57.0
723,222,9,9.0,97.0
724,9,14,4.0,93.0
725,14,9,5.0,55.0
726,10,202,6.0,65.0
727,202,10,9.0,57.0
728,10,43,5.0,95.0
729,43,10,6.0,50.0
730,10,114,6.0,92.0
731,114,10,4.0,78.0
732,10,485,6.0,80.0
733,485,10,10.0,63.0
734,10,56,5.0,86.0
735,56,10,10.0,83.0
736,10,279,0.0,87.0
737,279,10,7.0,56.0
738,10,467,3.0,100.0
739,467,10,4.0,98.0
740,10,31,9.0,86.0
741,31,10,6.0,69.0
742,10,150,4.0,54.0
743,150,10,7.0,62.0
744,10,347,10.0,85.0
745,347,10,10.0,82.0
746,10,474,1.0,95.0
747,474,10,7.0,75.0
748,10,110,10.0,83.0
749,110,10,10.0,77.0
750,10,301,6.0,99.0
751,301,10,0.0,52.0
752,10,295,8.0,55.0
753,295,10,10.0,85.0
754,10,102,5.0,69.0
755,102,10,7.0,88.0
756,10,265,7.0,67.0
757,265,10,2.0,75.0
758,10,464,3.0,57.0
759,464,10,7.0,82.0
760,10,137,1.0,77.0
761,137,10,10.0,62.0
762,10,166,1.0,62.0
763,166,10,3.0,54.0
764,10,247,8.0,96.0
765,247,10,2.0,56.0
766,10,486,9.0,90.0
767,486,10,2.0,74.0
768,10,281,6.0,59.0
769,281,10,2.0,90.0
770,10,138,2.0,100.0
771,138,10,5.0,52.0
772,10,54,4.0,66.0
773,54,10,0.0,99.0
774,10,292,9.0,63.0
775,292,10,5.0,95.0
776,10,457,9.0,77.0
777,457,10,8.0,77.0
778,10,42,4.0,56.0
779,42,10,1.0,62.0
780,10,160,10.0,80.0
781,160,10,4.0,60.0
782,10,267,8.0,77.0
783,267,10,0.0,54.0
784,10,287,8.0,67.0
785,287,10,6.0,83.0
786,10,412,8.0,58.0
787,412,10,9.0,98.0
788,10,282,3.0,57.0
789,282,10,7.0,63.0
790,11,471,0.0,86.0
791,471,11,9.0,61.0
792,11,87,2.0,96.0
793,87,11,1.0,62.0
794,11,345,9.0,59.0
795,345,11,2.0,91.0
796,11,57,6.0,94.0
797,57,11,10.0,78.0
798,11,169,9.0,89.0
799,169,11,1.0,98.0
800,11,90,5.0,67.0
801,90,11,3.0,62.0
802,11,131,1.0,93.0
803,131,11,9.0,83.0
804,12,350,2.0,94.0
805,350,12,1.0,98.0
806,12,24,7.0,89.0
807,24,12,0.0,66.0
808,12,194,6.0,90.0
809,194,12,3.0,86.0
810,12,442,10.0,67.0
811,442,12,5.0,76.0
812,12,26,6.0,72.0
813,26,12,2.0,57.0
814,12,376,9.0,91.0
815,376,12,8.0,71.0
816,12,62,9.0,96.0
817,62,12,3.0,73.0
818,12,140,10.0,62.0
819,140,12,5.0,65.0
820,12,294,2.0,95.0
821,294,12,10.0,85.0
822,12,76,0.0,53.0
823,76,12,10.0,60.0
824,12,29,9.0,90.0
825,29,12,1.0,51.0
826,12,335,7.0,60.0
827,335,12,9.0,86.0
828,12,307,3.0,68.0
829,307,12,2.0,80.0
830,12,333,9.0,92.0
831,333,12,2.0,58.0
832,12,64,2.0,68.0
833,64,12,2.0,82.0
834,12,480,2.0,85.0
835,480,12,0.0,71.0
836,12,85,7.0,69.0
837,85,12,7.0,50.0
838,12,149,8.0,57.0
839,149,12,3.0,60.0
840,12,284,9.0,80.0
841,284,12,9.0,72.0
842,13,328,7.0,69.0
843,328,13,8.0,81.0
844,13,371,0.0,89.0
845,371,13,1.0,53.0
846,13,291,10.0,83.0
847,291,13,5.0,82.0
848,13,258,4.0,84.0
849,258,13,1.0,50.0
850,13,401,8.0,63.0
851,401,13,1.0,55.0
852,13,23,9.0,62.0
853,23,13,3.0,85.0
854,13,19,6.0,67.0
855,19,13,8.0,82.0
856,13,34,4.0,57.0
857,34,13,0.0,58.0
858,13,243,3.0,87.0
859,243,13,9.0,59.0
860,13,52,6.0,95.0
861,52,13,7.0,95.0
862,13,260,3.0,61.0
863,260,13,2.0,71.0
864,14,268,1.0,52.0
865,268,14,5.0,68.0
866,14,84,3.0,56.0
867,84,14,3.0,65.0
868,14,72,2.0,70.0
869,72,14,6.0,93.0
870,14,66,10.0,69.0
871,66,14,7.0,51.0
872,14,383,0.0,62.0
873,383,14,10.0,86.0
874,14,61,10.0,92.0
875,61,14,8.0,91.0
876,14,27,1.0,63.0
877,27,14,8.0,66.0
878,14,32,10.0,76.0
879,32,14,4.0,98.0
880,14,389,6.0,53.0
881,389,14,0.0,53.0
882,14,35,7.0,65.0
883,35,14,4.0,52.0
884,14,207,3.0,89.0
885,207,14,7.0,58.0
886,14,233,5.0,51.0
887,233,14,2.0,84.0
888,14,38,9.0,77.0
889,38,14,3.0,88.0
890,14,222,3.0,69.0
891,222,14,0.0,96.0
892,14,145,8.0,82.0
893,145,14,4.0,85.0
894,15,163,1.0,89.0
895,163,15,8.0,96.0
896,15,259,6.0,95.0
897,259,15,0.0,85.0
898,15,180,0.0,94.0
899,180,15,10.0,88.0
900,15,22,1.0,69.0
901,22,15,2.0,87.0
902,15,460,9.0,71.0
903,460,15,8.0,92.0
904,15,176,3.0,98.0
905,176,15,10.0,89.0
906,15,16,8.0,81.0
907,16,15,5.0,99.0
908,15,197,9.0,79.0
909,197,15,7.0,98.0
910,15,44,3.0,75.0
911,44,15,3.0,55.0
912,15,320,6.0,88.0
913,320,15,7.0,99.0
914,15,78,6.0,64.0
915,78,15,4.0,65.0
916,15,395,10.0,95.0
917,395,15,7.0,96.0
918,15,144,0.0,88.0
919,144,15,2.0,80.0
920,15,205,2.0,51.0
921,205,15,7.0,71.0
922,15,46,6.0,68.0
923,46,15,1.0,93.0
924,15,241,8.0,50.0
925,241,15,2.0,91.0
926,15,30,6.0,83.0
927,30,15,8.0,64.0
928,15,95,4.0,59.0
929,95,15,1.0,50.0
930,15,88,10.0,79.0
931,88,15,1.0,66.0
932,15,172,0.0,80.0
933,172,15,2.0,81.0
934,15,271,5.0,90.0
935,271,15,6.0,76.0
936,15,98,10.0,57.0
937,98,15,6.0,100.0
938,15,133,7.0,74.0
939,133,15,9.0,86.0
940,15,105,2.0,58.0
941,105,15,1.0,72.0
942,15,364,1.0,79.0
943,364,15,7.0,67.0
944,15,378,7.0,87.0
945,378,15,2.0,73.0
946,15,148,5.0,67.0
947,148,15,6.0,98.0
948,15,86,6.0,56.0
949,86,15,9.0,80.0
950,15,463,5.0,86.0
951,463,15,8.0,53.0
952,15,369,5.0,88.0
953,369,15,7.0,60.0
954,15,39,2.0,58.0
955,39,15,1.0,73.0
956,15,289,9.0,62.0
957,289,15,4.0,76.0
958,15,116,3.0,69.0
959,116,15,0.0,95.0
960,15,17,1.0,94.0
961,17,15,9.0,72.0
962,15,49,1.0,83.0
963,49,15,9.0,97.0
964,16,176,5.0,77.0
965,176,16,9.0,62.0
966,16,22,5.0,62.0
967,22,16,4.0,85.0
968,16,25,0.0,82.0
969,25,16,4.0,74.0
970,16,30,9.0,89.0
971,30,16,10.0,70.0
972,16,44,6.0,63.0
973,44,16,2.0,57.0
974,16,197,6.0,78.0
975,197,16,10.0,61.0
976,17,422,7.0,70.0
977,422,17,7.0,78.0
978,17,326,0.0,94.0
979,326,17,3.0,53.0
980,17,49,3.0,85.0
981,49,17,7.0,52.0
982,17,116,7.0,97.0
983,116,17,10.0,94.0
984,17,39,1.0,90.0
985,39,17,4.0,97.0
986,17,119,4.0,92.0
987,119,17,6.0,52.0
988,17,175,3.0,63.0
989,175,17,3.0,100.0
990,17,391,6.0,88.0
991,391,17,10.0,62.0
992,17,20,8.0,51.0
993,20,17,4.0,82.0
994,18,79,5.0,60.0
995,79,18,4.0,61.0
996,18,483,7.0,71.0
997,483,18,3.0,93.0
998,18,37,4.0,90.0
999,37,18,5.0,66.0
1000,18,68,7.0,61.0
1001,68,18,2.0,76.0
1002,18,104,9.0,99.0
1003,104,18,2.0,86.0
1004,18,130,3.0,57.0
1005,130,18,10.0,95.0
1006,18,427,3.0,100.0
1007,427,18,7.0,65.0
1008,18,173,3.0,67.0
1009,173,18,3.0,96.0
1010,18,430,8.0,84.0
1011,430,18,3.0,60.0
1012,18,170,9.0,63.0
1013,170,18,1.0,70.0
1014,18,228,1.0,50.0
1015,228,18,5.0,77.0
1016,18,437,7.0,59.0
1017,437,18,1.0,91.0
1018,19,490,8.0,57.0
1019,490,19,10.0,93.0
1020,19,229,2.0,85.0
1021,229,19,6.0,82.0
1022,19,128,7.0,65.0
1023,128,19,8.0,85.0
1024,19,310,3.0,67.0
1025,310,19,1.0,69.0
1026,19,177,7.0,74.0
1027,177,19,2.0,82.0
1028,19,112,3.0,53.0
1029,112,19,8.0,79.0
1030,19,132,10.0,56.0
1031,132,19,10.0,87.0
1032,19,96,8.0,96.0
1033,96,19,3.0,80.0
1034,19,198,10.0,95.0
1035,198,19,3.0,67.0
1036,19,473,9.0,84.0
1037,473,19,7.0,100.0
1038,19,69,3.0,59.0
1039,69,19,9.0,65.0
1040,19,122,1.0,78.0
1041,122,19,0.0,56.0
1042,19,53,1.0,93.0
1043,53,19,10.0,75.0
1044,19,59,8.0,89.0
1045,59,19,9.0,85.0
1046,19,257,7.0,94.0
1047,257,19,2.0,91.0
1048,19,245,3.0,78.0
1049,245,19,7.0,75.0
1050,19,212,6.0,88.0
1051,212,19,9.0,89.0
1052,19,324,2.0,58.0
1053,324,19,8.0,56.0
1054,19,120,3.0,98.0
1055,120,19,2.0,96.0
1056,19,153,7.0,57.0
1057,153,19,5.0,53.0
1058,19,300,10.0,80.0
1059,300,19,7.0,86.0
1060,19,410,2.0,84.0
1061,410,19,8.0,89.0
1062,19,121,10.0,61.0
1063,121,19,2.0,69.0
1064,19,477,1.0,55.0
1065,477,19,7.0,67.0
1066,19,34,1.0,92.0
1067,34,19,10.0,54.0
1068,19,23,5.0,77.0
1069,23,19,7.0,62.0
1070,20,82,6.0,57.0
1071,82,20,10.0,99.0
1072,20,431,9.0,74.0
1073,431,20,4.0,99.0
1074,20,215,0.0,66.0
1075,215,20,5.0,73.0
1076,21,426,6.0,51.0
1077,426,21,8.0,60.0
1078,21,89,7.0,66.0
1079,89,21,6.0,70.0
1080,21,365,5.0,61.0
1081,365,21,0.0,68.0
1082,21,276,5.0,100.0
1083,276,21,6.0,94.0
1084,21,63,4.0,91.0
1085,63,21,8.0,70.0
1086,21,187,9.0,55.0
1087,187,21,9.0,66.0
1088,21,48,3.0,65.0
1089,48,21,2.0,93.0
1090,21,231,9.0,63.0
1091,231,21,10.0,54.0
1092,21,238,8.0,55.0
1093,238,21,8.0,73.0
1094,21,134,5.0,60.0
1095,134,21,2.0,53.0
1096,21,33,0.0,98.0
1097,33,21,4.0,89.0
1098,21,74,9.0,58.0
1099,74,21,0.0,67.0
1100,22,73,1.0,67.0
1101,73,22,0.0,53.0
1102,22,429,10.0,59.0
1103,429,22,1.0,83.0
1104,22,332,6.0,63.0
1105,332,22,2.0,54.0
1106,22,221,5.0,70.0
1107,221,22,6.0,59.0
1108,22,25,5.0,67.0
1109,25,22,6.0,85.0
1110,22,176,7.0,64.0
1111,176,22,3.0,76.0
1112,22,460,10.0,72.0
1113,460,22,1.0,81.0
1114,24,350,3.0,50.0
1115,350,24,9.0,100.0
1116,24,106,9.0,55.0
1117,106,24,6.0,76.0
1118,25,221,2.0,82.0
1119,221,25,10.0,81.0
1120,25,73,0.0,78.0
1121,73,25,7.0,92.0
1122,26,94,3.0,67.0
1123,94,26,4.0,66.0
1124,26,411,7.0,57.0
1125,411,26,6.0,91.0
1126,26,29,6.0,68.0
1127,29,26,9.0,82.0
1128,26,62,4.0,97.0
1129,62,26,10.0,64.0
1130,26,376,6.0,96.0
1131,376,26,6.0,87.0
1132,26,442,5.0,60.0
1133,442,26,9.0,79.0
1134,26,194,0.0,67.0
1135,194,26,3.0,91.0
1136,26,211,9.0,91.0
1137,211,26,5.0,98.0
1138,27,103,6.0,87.0
1139,103,27,5.0,96.0
1140,27,156,8.0,89.0
1141,156,27,4.0,68.0
1142,27,47,7.0,80.0
1143,47,27,0.0,57.0
1144,27,297,3.0,98.0
1145,297,27,9.0,88.0
1146,27,32,0.0,91.0
1147,32,27,5.0,90.0
1148,27,61,1.0,65.0
1149,61,27,6.0,82.0
1150,27,111,7.0,69.0
1151,111,27,5.0,63.0
1152,27,101,10.0,99.0
1153,101,27,9.0,55.0
1154,28,218,3.0,94.0
1155,218,28,5.0,68.0
1156,28,83,5.0,65.0
1157,83,28,1.0,58.0
1158,28,462,2.0,67.0
1159,462,28,1.0,96.0
1160,28,97,7.0,76.0
1161,97,28,6.0,98.0
1162,28,107,3.0,87.0
1163,107,28,10.0,72.0
1164,28,50,4.0,77.0
1165,50,28,0.0,94.0
1166,28,239,9.0,67.0
1167,239,28,0.0,90.0
1168,29,76,0.0,90.0
1169,76,29,10.0,83.0
1170,29,62,10.0,58.0
1171,62,29,4.0,90.0
1172,29,411,4.0,61.0
1173,411,29,8.0,79.0
1174,29,94,6.0,88.0
1175,94,29,3.0,92.0
1176,29,230,10.0,65.0
1177,230,29,6.0,59.0
1178,29,413,1.0,91.0
1179,413,29,8.0,90.0
1180,29,250,4.0,91.0
1181,250,29,2.0,95.0
1182,29,373,2.0,71.0
1183,373,29,0.0,76.0
1184,29,251,2.0,92.0
1185,251,29,2.0,90.0
1186,29,306,4.0,94.0
1187,306,29,6.0,69.0
1188,29,269,9.0,62.0
1189,269,29,8.0,63.0
1190,29,64,4.0,74.0
1191,64,29,7.0,78.0
1192,29,307,0.0,93.0
1193,307,29,6.0,52.0
1194,29,335,8.0,95.0
1195,335,29,8.0,68.0
1196,30,88,4.0,71.0
1197,88,30,5.0,56.0
1198,30,95,3.0,68.0
1199,95,30,1.0,97.0
1200,30,241,8.0,71.0
1201,241,30,8.0,70.0
1202,30,46,1.0,51.0
1203,46,30,2.0,56.0
1204,30,44,9.0,75.0
1205,44,30,2.0,75.0
1206,31,181,4.0,90.0
1207,181,31,0.0,69.0
1208,31,428,9.0,59.0
1209,428,31,5.0,54.0
1210,31,75,10.0,92.0
1211,75,31,4.0,95.0
1212,31,127,6.0,78.0
1213,127,31,4.0,85.0
1214,31,42,0.0,55.0
1215,42,31,5.0,56.0
1216,31,54,8.0,84.0
1217,54,31,1.0,68.0
1218,31,125,1.0,87.0
1219,125,31,8.0,61.0
1220,31,380,8.0,55.0
1221,380,31,6.0,78.0
1222,31,102,3.0,84.0
1223,102,31,7.0,99.0
1224,31,110,5.0,54.0
1225,110,31,5.0,55.0
1226,31,386,9.0,76.0
1227,386,31,8.0,81.0
1228,31,150,5.0,100.0
1229,150,31,10.0,73.0
1230,31,467,2.0,99.0
1231,467,31,2.0,96.0
1232,31,279,9.0,90.0
1233,279,31,5.0,87.0
1234,31,299,8.0,73.0
1235,299,31,8.0,59.0
1236,31,56,2.0,62.0
1237,56,31,7.0,71.0
1238,31,374,8.0,99.0
1239,374,31,7.0,79.0
1240,31,439,7.0,84.0
1241,439,31,6.0,59.0
1242,31,402,3.0,59.0
1243,402,31,7.0,94.0
1244,31,91,1.0,78.0
1245,91,31,1.0,72.0
1246,31,108,5.0,95.0
1247,108,31,2.0,71.0
1248,31,92,9.0,82.0
1249,92,31,8.0,97.0
1250,32,297,10.0,72.0
1251,297,32,9.0,73.0
1252,32,441,2.0,87.0
1253,441,32,7.0,89.0
1254,32,47,5.0,74.0
1255,47,32,6.0,97.0
1256,32,35,0.0,84.0
1257,35,32,1.0,88.0
1258,32,389,1.0,85.0
1259,389,32,0.0,54.0
1260,33,451,9.0,91.0
1261,451,33,1.0,75.0
1262,33,74,1.0,50.0
1263,74,33,0.0,75.0
1264,33,134,7.0,80.0
1265,134,33,0.0,55.0
1266,33,161,9.0,54.0
1267,161,33,1.0,88.0
1268,33,158,6.0,58.0
1269,158,33,7.0,51.0
1270,33,48,1.0,80.0
1271,48,33,1.0,87.0
1272,33,372,8.0,93.0
1273,372,33,0.0,70.0
1274,33,129,9.0,62.0
1275,129,33,9.0,64.0
1276,33,182,4.0,74.0
1277,182,33,4.0,67.0
1278,33,274,2.0,85.0
1279,274,33,6.0,99.0
1280,33,55,4.0,87.0
1281,55,33,6.0,50.0
1282,33,285,2.0,87.0
1283,285,33,7.0,54.0
1284,34,330,5.0,68.0
1285,330,34,8.0,86.0
1286,34,52,3.0,53.0
1287,52,34,4.0,73.0
1288,34,361,2.0,77.0
1289,361,34,7.0,51.0
1290,34,243,1.0,63.0
1291,243,34,2.0,62.0
1292,34,477,7.0,87.0
1293,477,34,4.0,92.0
1294,34,121,9.0,84.0
1295,121,34,1.0,62.0
1296,34,120,9.0,98.0
1297,120,34,2.0,99.0
1298,34,59,3.0,83.0
1299,59,34,3.0,80.0
1300,34,142,8.0,81.0
1301,142,34,5.0,93.0
1302,34,264,0.0,86.0
1303,264,34,3.0,79.0
1304,34,174,10.0,67.0
1305,174,34,4.0,76.0
1306,34,256,6.0,94.0
1307,256,34,7.0,87.0
1308,34,409,5.0,57.0
1309,409,34,4.0,100.0
1310,34,113,3.0,88.0
1311,113,34,3.0,57.0
1312,34,67,6.0,70.0
1313,67,34,0.0,61.0
1314,34,65,4.0,55.0
1315,65,34,2.0,81.0
1316,34,454,6.0,89.0
1317,454,34,2.0,53.0
1318,34,53,1.0,84.0
1319,53,34,5.0,87.0
1320,34,152,0.0,90.0
1321,152,34,7.0,83.0
1322,35,38,5.0,82.0
1323,38,35,1.0,61.0
1324,35,207,3.0,89.0
1325,207,35,2.0,75.0
1326,35,389,2.0,87.0
1327,389,35,0.0,89.0
1328,36,286,2.0,83.0
1329,286,36,4.0,86.0
1330,36,45,0.0,72.0
1331,45,36,0.0,63.0
1332,36,141,1.0,89.0
1333,141,36,6.0,57.0
1334,36,304,1.0,60.0
1335,304,36,5.0,53.0
1336,36,275,3.0,83.0
1337,275,36,6.0,58.0
1338,36,337,1.0,96.0
1339,337,36,0.0,82.0
1340,36,261,2.0,95.0
1341,261,36,6.0,86.0
1342,36,263,2.0,52.0
1343,263,36,0.0,58.0
1344,36,117,3.0,73.0
1345,117,36,4.0,91.0
1346,36,58,1.0,76.0
1347,58,36,8.0,80.0
1348,36,317,7.0,70.0
1349,317,36,4.0,90.0
1350,36,126,2.0,54.0
1351,126,36,9.0,64.0
1352,36,408,2.0,77.0
1353,408,36,0.0,52.0
1354,36,308,3.0,76.0
1355,308,36,5.0,91.0
1356,36,278,2.0,91.0
1357,278,36,0.0,68.0
1358,36,470,7.0,95.0
1359,470,36,6.0,61.0
1360,36,367,1.0,71.0
1361,367,36,5.0,83.0
1362,36,201,9.0,57.0
1363,201,36,2.0,92.0
1364,36,329,4.0,60.0
1365,329,36,4.0,56.0
1366,36,60,6.0,80.0
1367,60,36,6.0,98.0
1368,37,41,4.0,53.0
1369,41,37,10.0,51.0
1370,37,362,8.0,73.0
1371,362,37,7.0,83.0
1372,37,483,5.0,90.0
1373,483,37,7.0,52.0
1374,37,79,3.0,85.0
1375,79,37,3.0,50.0
1376,37,123,0.0,90.0
1377,123,37,7.0,56.0
1378,38,233,2.0,100.0
1379,233,38,5.0,70.0
1380,38,207,7.0,74.0
1381,207,38,4.0,85.0
1382,39,119,5.0,54.0
1383,119,39,6.0,81.0
1384,39,116,0.0,68.0
1385,116,39,2.0,83.0
1386,39,289,2.0,90.0
1387,289,39,8.0,50.0
1388,39,369,5.0,92.0
1389,369,39,7.0,89.0
1390,39,86,4.0,72.0
1391,86,39,7.0,78.0
1392,39,217,4.0,61.0
1393,217,39,6.0,57.0
1394,39,254,8.0,77.0
1395,254,39,6.0,73.0
1396,40,400,4.0,52.0
1397,400,40,7.0,86.0
1398,41,51,4.0,59.0
1399,51,41,5.0,72.0
1400,41,136,4.0,95.0
1401,136,41,4.0,85.0
1402,41,362,8.0,60.0
1403,362,41,7.0,56.0
1404,42,127,2.0,75.0
1405,127,42,1.0,76.0
1406,42,75,1.0,79.0
1407,75,42,0.0,63.0
1408,42,139,4.0,86.0
1409,139,42,9.0,85.0
1410,42,185,5.0,64.0
1411,185,42,9.0,57.0
1412,42,394,9.0,91.0
1413,394,42,7.0,55.0
1414,42,160,3.0,73.0
1415,160,42,7.0,86.0
1416,42,457,1.0,51.0
1417,457,42,2.0,56.0
1418,42,292,6.0,71.0
1419,292,42,1.0,72.0
1420,42,54,2.0,65.0
1421,54,42,10.0,63.0
1422,43,266,9.0,56.0
1423,266,43,2.0,66.0
1424,43,159,5.0,60.0
1425,159,43,5.0,69.0
1426,43,214,10.0,68.0
1427,214,43,2.0,69.0
1428,43,191,0.0,59.0
1429,191,43,7.0,64.0
1430,43,114,6.0,57.0
1431,114,43,1.0,67.0
1432,43,248,3.0,80.0
1433,248,43,7.0,95.0
1434,44,46,4.0,91.0
1435,46,44,4.0,69.0
1436,44,293,2.0,50.0
1437,293,44,6.0,54.0
1438,44,456,9.0,73.0
1439,456,44,1.0,83.0
1440,44,78,6.0,97.0
1441,78,44,6.0,63.0
1442,44,349,1.0,98.0
1443,349,44,3.0,66.0
1444,44,320,0.0,99.0
1445,320,44,10.0,83.0
1446,44,197,6.0,89.0
1447,197,44,1.0,93.0
1448,45,396,6.0,53.0
1449,396,45,7.0,86.0
1450,45,141,4.0,98.0
1451,141,45,1.0,95.0
1452,45,286,2.0,79.0
1453,286,45,1.0,51.0
1454,46,241,8.0,67.0
1455,241,46,9.0,91.0
1456,46,205,3.0,81.0
1457,205,46,0.0,59.0
1458,46,144,6.0,83.0
1459,144,46,6.0,100.0
1460,46,78,1.0,94.0
1461,78,46,5.0,97.0
1462,46,293,4.0,75.0
1463,293,46,4.0,93.0
1464,47,156,9.0,71.0
1465,156,47,8.0,56.0
1466,47,421,7.0,84.0
1467,421,47,8.0,51.0
1468,47,237,8.0,92.0
1469,237,47,8.0,59.0
1470,47,440,8.0,50.0
1471,440,47,0.0,60.0
1472,47,223,7.0,52.0
1473,223,47,3.0,76.0
1474,47,103,7.0,66.0
1475,103,47,2.0,75.0
1476,47,441,3.0,93.0
1477,441,47,10.0,83.0
1478,47,297,2.0,74.0
1479,297,47,4.0,82.0
1480,48,158,1.0,80.0
1481,158,48,8.0,90.0
1482,48,134,8.0,99.0
1483,134,48,8.0,97.0
1484,48,495,10.0,88.0
1485,495,48,3.0,99.0
1486,48,231,0.0,60.0
1487,231,48,1.0,65.0
1488,48,55,10.0,100.0
1489,55,48,8.0,79.0
1490,48,375,9.0,66.0
1491,375,48,1.0,54.0
1492,48,188,1.0,91.0
1493,188,48,2.0,92.0
1494,48,458,1.0,60.0
1495,458,48,10.0,52.0
1496,48,203,6.0,91.0
1497,203,48,7.0,96.0
1498,48,129,4.0,58.0
1499,129,48,2.0,77.0
1500,48,404,5.0,93.0
1501,404,48,6.0,97.0
1502,48,372,7.0,81.0
1503,372,48,1.0,99.0
1504,49,326,1.0,78.0
1505,326,49,2.0,70.0
1506,50,239,1.0,58.0
1507,239,50,8.0,88.0
1508,50,107,4.0,90.0
1509,107,50,1.0,63.0
1510,50,97,10.0,75.0
1511,97,50,10.0,70.0
1512,50,70,5.0,57.0
1513,70,50,8.0,98.0
1514,50,157,5.0,77.0
1515,157,50,5.0,50.0
1516,50,341,9.0,88.0
1517,341,50,9.0,70.0
1518,51,136,0.0,60.0
1519,136,51,2.0,51.0
1520,51,255,0.0,59.0
1521,255,51,2.0,85.0
1522,51,115,9.0,64.0
1523,115,51,8.0,65.0
1524,52,243,5.0,67.0
1525,243,52,10.0,94.0
1526,52,361,4.0,87.0
1527,361,52,10.0,54.0
1528,52,330,10.0,58.0
1529,330,52,4.0,68.0
1530,53,196,3.0,70.0
1531,196,53,4.0,54.0
1532,53,200,3.0,53.0
1533,200,53,4.0,82.0
1534,53,154,2.0,53.0
1535,154,53,10.0,68.0
1536,53,152,3.0,61.0
1537,152,53,1.0,72.0
1538,53,454,8.0,79.0
1539,454,53,0.0,73.0
1540,53,65,9.0,50.0
1541,65,53,4.0,82.0
1542,53,59,0.0,58.0
1543,59,53,4.0,85.0
1544,53,122,1.0,75.0
1545,122,53,6.0,99.0
1546,53,425,9.0,81.0
1547,425,53,5.0,77.0
1548,53,353,2.0,51.0
1549,353,53,8.0,53.0
1550,53,280,8.0,71.0
1551,280,53,3.0,70.0
1552,53,69,5.0,90.0
1553,69,53,9.0,75.0
1554,53,81,8.0,83.0
1555,81,53,4.0,97.0
1556,53,359,5.0,76.0
1557,359,53,0.0,57.0
1558,53,356,10.0,89.0
1559,356,53,4.0,63.0
1560,54,292,0.0,76.0
1561,292,54,1.0,91.0
1562,54,138,2.0,92.0
1563,138,54,2.0,60.0
1564,54,137,5.0,95.0
1565,137,54,10.0,97.0
1566,54,178,9.0,95.0
1567,178,54,10.0,96.0
1568,54,155,7.0,76.0
1569,155,54,4.0,64.0
1570,54,416,9.0,69.0
1571,416,54,8.0,67.0
1572,54,313,7.0,88.0
1573,313,54,7.0,50.0
1574,54,102,0.0,52.0
1575,102,54,8.0,100.0
1576,54,125,3.0,83.0
1577,125,54,1.0,63.0
1578,55,274,10.0,92.0
1579,274,55,4.0,85.0
1580,55,182,1.0,96.0
1581,182,55,8.0,50.0
1582,55,434,8.0,77.0
1583,434,55,8.0,91.0
1584,55,129,2.0,70.0
1585,129,55,10.0,50.0
1586,55,188,9.0,85.0
1587,188,55,2.0,71.0
1588,55,375,10.0,92.0
1589,375,55,5.0,68.0
1590,56,485,5.0,95.0
1591,485,56,7.0,94.0
1592,56,299,1.0,98.0
1593,299,56,10.0,55.0
1594,56,279,10.0,93.0
1595,279,56,1.0,66.0
1596,57,345,5.0,55.0
1597,345,57,1.0,65.0
1598,57,87,7.0,63.0
1599,87,57,10.0,54.0
1600,57,302,9.0,70.0
1601,302,57,0.0,80.0
1602,57,109,2.0,61.0
1603,109,57,5.0,96.0
1604,57,93,6.0,74.0
1605,93,57,1.0,82.0
1606,57,398,3.0,84.0
1607,398,57,7.0,100.0
1608,57,344,0.0,50.0
1609,344,57,7.0,56.0
1610,57,232,1.0,60.0
1611,232,57,1.0,58.0
1612,57,331,6.0,55.0
1613,331,57,8.0,54.0
1614,57,71,7.0,85.0
1615,71,57,10.0,81.0
1616,58,117,0.0,64.0
1617,117,58,0.0,50.0
1618,58,305,1.0,52.0
1619,305,58,8.0,62.0
1620,58,234,5.0,86.0
1621,234,58,5.0,100.0
1622,58,209,9.0,95.0
1623,209,58,3.0,56.0
1624,58,415,4.0,86.0
1625,415,58,0.0,93.0
1626,58,60,8.0,60.0
1627,60,58,1.0,89.0
1628,58,272,10.0,97.0
1629,272,58,8.0,93.0
1630,58,126,0.0,60.0
1631,126,58,3.0,63.0
1632,58,392,7.0,76.0
1633,392,58,4.0,76.0
1634,58,433,6.0,98.0
1635,433,58,3.0,98.0
1636,58,336,6.0,84.0
1637,336,58,2.0,82.0
1638,58,482,7.0,68.0
1639,482,58,6.0,57.0
1640,58,317,2.0,78.0
1641,317,58,9.0,91.0
1642,59,65,8.0,79.0
1643,65,59,3.0,95.0
1644,59,67,10.0,92.0
1645,67,59,0.0,82.0
1646,59,113,8.0,53.0
1647,113,59,2.0,90.0
1648,59,142,10.0,70.0
1649,142,59,4.0,75.0
1650,59,120,1.0,83.0
1651,120,59,9.0,64.0
1652,59,212,10.0,73.0
1653,212,59,1.0,53.0
1654,59,245,7.0,78.0
1655,245,59,5.0,51.0
1656,59,257,10.0,93.0
1657,257,59,5.0,81.0
1658,60,415,2.0,63.0
1659,415,60,6.0,94.0
1660,60,329,1.0,55.0
1661,329,60,3.0,78.0
1662,60,201,5.0,62.0
1663,201,60,9.0,85.0
1664,60,126,7.0,74.0
1665,126,60,7.0,75.0
1666,60,272,6.0,61.0
1667,272,60,0.0,60.0
1668,61,165,10.0,71.0
1669,165,61,10.0,62.0
1670,61,101,2.0,85.0
1671,101,61,3.0,65.0
1672,61,111,3.0,52.0
1673,111,61,9.0,78.0
1674,61,383,0.0,68.0
1675,383,61,3.0,60.0
1676,61,489,9.0,67.0
1677,489,61,0.0,66.0
1678,61,66,0.0,71.0
1679,66,61,9.0,97.0
1680,61,346,8.0,99.0
1681,346,61,1.0,96.0
1682,62,376,5.0,95.0
1683,376,62,4.0,50.0
1684,62,76,7.0,58.0
1685,76,62,10.0,89.0
1686,62,417,10.0,79.0
1687,417,62,1.0,53.0
1688,62,140,1.0,99.0
1689,140,62,7.0,57.0
1690,63,276,0.0,91.0
1691,276,63,5.0,77.0
1692,63,89,1.0,54.0
1693,89,63,0.0,56.0
1694,63,384,1.0,60.0
1695,384,63,1.0,59.0
1696,63,80,8.0,90.0
1697,80,63,1.0,52.0
1698,63,366,0.0,94.0
1699,366,63,1.0,97.0
1700,63,187,3.0,89.0
1701,187,63,4.0,80.0
1702,64,480,8.0,93.0
1703,480,64,1.0,70.0
1704,64,333,8.0,68.0
1705,333,64,9.0,78.0
1706,64,307,10.0,51.0
1707,307,64,4.0,85.0
1708,64,269,3.0,72.0
1709,269,64,3.0,96.0
1710,64,251,4.0,89.0
1711,251,64,6.0,68.0
1712,64,498,4.0,76.0
1713,498,64,7.0,62.0
1714,65,67,2.0,57.0
1715,67,65,8.0,81.0
1716,65,454,5.0,66.0
1717,454,65,8.0,63.0
1718,66,489,2.0,64.0
1719,489,66,1.0,55.0
1720,66,383,1.0,74.0
1721,383,66,8.0,82.0
1722,66,72,2.0,70.0
1723,72,66,5.0,87.0
1724,66,385,0.0,75.0
1725,385,66,8.0,62.0
1726,66,346,10.0,69.0
1727,346,66,4.0,59.0
1728,67,113,2.0,75.0
1729,113,67,10.0,56.0
1730,68,213,6.0,70.0
1731,213,68,8.0,52.0
1732,68,151,6.0,82.0
1733,151,68,6.0,96.0
1734,68,339,8.0,87.0
1735,339,68,0.0,60.0
1736,68,104,5.0,79.0
1737,104,68,4.0,87.0
1738,69,280,5.0,98.0
1739,280,69,0.0,54.0
1740,69,122,4.0,58.0
1741,122,69,6.0,63.0
1742,69,473,2.0,67.0
1743,473,69,3.0,90.0
1744,69,198,8.0,98.0
1745,198,69,0.0,80.0
1746,69,96,0.0,61.0
1747,96,69,4.0,76.0
1748,69,195,0.0,86.0
1749,195,69,4.0,63.0
1750,69,343,8.0,59.0
1751,343,69,2.0,51.0
1752,69,423,10.0,78.0
1753,423,69,4.0,97.0
1754,69,81,4.0,68.0
1755,81,69,7.0,55.0
1756,70,314,3.0,71.0
1757,314,70,10.0,70.0
1758,70,208,2.0,54.0
1759,208,70,3.0,68.0
1760,70,157,8.0,81.0
1761,157,70,1.0,51.0
1762,71,331,1.0,92.0
1763,331,71,2.0,89.0
1764,71,192,9.0,94.0
1765,192,71,10.0,87.0
1766,71,77,8.0,81.0
1767,77,71,5.0,95.0
1768,71,322,1.0,94.0
1769,322,71,2.0,70.0
1770,71,325,2.0,57.0
1771,325,71,3.0,62.0
1772,71,277,5.0,66.0
1773,277,71,7.0,88.0
1774,71,167,6.0,91.0
1775,167,71,7.0,69.0
1776,71,171,2.0,75.0
1777,171,71,10.0,93.0
1778,72,84,6.0,71.0
1779,84,72,1.0,80.0
1780,73,221,4.0,88.0
1781,221,73,5.0,68.0
1782,73,332,10.0,55.0
1783,332,73,0.0,82.0
1784,73,429,2.0,66.0
1785,429,73,9.0,59.0
1786,74,451,5.0,97.0
1787,451,74,2.0,78.0
1788,75,428,6.0,56.0
1789,428,75,0.0,91.0
1790,75,181,5.0,71.0
1791,181,75,10.0,86.0
1792,75,225,9.0,82.0
1793,225,75,3.0,95.0
1794,75,355,9.0,89.0
1795,355,75,2.0,88.0
1796,75,403,8.0,68.0
1797,403,75,8.0,83.0
1798,75,407,1.0,51.0
1799,407,75,6.0,66.0
1800,75,193,4.0,100.0
1801,193,75,6.0,98.0
1802,75,139,5.0,76.0
1803,139,75,0.0,70.0
1804,75,127,9.0,64.0
1805,127,75,8.0,90.0
1806,76,294,1.0,65.0
1807,294,76,7.0,50.0
1808,76,140,0.0,83.0
1809,140,76,0.0,99.0
1810,76,417,8.0,66.0
1811,417,76,5.0,92.0
1812,77,450,6.0,81.0
1813,450,77,10.0,92.0
1814,77,244,9.0,72.0
1815,244,77,3.0,86.0
1816,77,468,6.0,82.0
1817,468,77,6.0,63.0
1818,77,424,5.0,95.0
1819,424,77,4.0,79.0
1820,77,167,5.0,65.0
1821,167,77,7.0,55.0
1822,77,277,4.0,67.0
1823,277,77,4.0,94.0
1824,77,397,8.0,96.0
1825,397,77,1.0,74.0
1826,77,322,5.0,77.0
1827,322,77,9.0,89.0
1828,77,192,0.0,75.0
1829,192,77,5.0,56.0
1830,77,438,7.0,96.0
1831,438,77,1.0,85.0
1832,78,144,3.0,82.0
1833,144,78,10.0,91.0
1834,78,395,4.0,78.0
1835,395,78,5.0,90.0
1836,78,320,8.0,72.0
1837,320,78,10.0,96.0
1838,78,406,5.0,67.0
1839,406,78,10.0,60.0
1840,78,349,1.0,64.0
1841,349,78,4.0,72.0
1842,78,456,4.0,61.0
1843,456,78,0.0,58.0
1844,78,293,9.0,85.0
1845,293,78,2.0,95.0
1846,79,483,9.0,50.0
1847,483,79,6.0,68.0
1848,79,123,9.0,67.0
1849,123,79,10.0,55.0
1850,80,118,5.0,80.0
1851,118,80,9.0,63.0
1852,80,318,2.0,54.0
1853,318,80,10.0,53.0
1854,80,366,3.0,88.0
1855,366,80,4.0,60.0
1856,81,356,10.0,79.0
1857,356,81,0.0,97.0
1858,81,476,8.0,78.0
1859,476,81,2.0,73.0
1860,81,359,1.0,69.0
1861,359,81,10.0,76.0
1862,81,423,0.0,78.0
1863,423,81,7.0,84.0
1864,81,448,10.0,92.0
1865,448,81,8.0,75.0
1866,81,343,7.0,78.0
1867,343,81,3.0,67.0
1868,81,368,10.0,96.0
1869,368,81,1.0,91.0
1870,82,379,7.0,71.0
1871,379,82,9.0,71.0
1872,82,303,1.0,55.0
1873,303,82,1.0,79.0
1874,82,215,7.0,54.0
1875,215,82,7.0,51.0
1876,82,431,4.0,86.0
1877,431,82,0.0,84.0
1878,82,481,2.0,87.0
1879,481,82,10.0,71.0
1880,83,462,7.0,95.0
1881,462,83,1.0,89.0
1882,84,268,10.0,80.0
1883,268,84,7.0,83.0
1884,85,149,1.0,78.0
1885,149,85,2.0,64.0
1886,86,288,3.0,73.0
1887,288,86,6.0,55.0
1888,86,217,10.0,87.0
1889,217,86,5.0,89.0
1890,86,369,9.0,76.0
1891,369,86,1.0,96.0
1892,86,463,7.0,74.0
1893,463,86,7.0,86.0
1894,87,345,9.0,64.0
1895,345,87,3.0,54.0
1896,87,204,3.0,53.0
1897,204,87,0.0,70.0
1898,87,135,2.0,85.0
1899,135,87,3.0,59.0
1900,87,168,9.0,90.0
1901,168,87,5.0,63.0
1902,87,93,2.0,90.0
1903,93,87,4.0,52.0
1904,87,143,5.0,92.0
1905,143,87,9.0,67.0
1906,87,147,7.0,81.0
1907,147,87,1.0,61.0
1908,87,399,0.0,81.0
1909,399,87,0.0,96.0
1910,87,109,2.0,72.0
1911,109,87,1.0,94.0
1912,87,302,9.0,99.0
1913,302,87,2.0,56.0
1914,88,95,3.0,92.0
1915,95,88,10.0,65.0
1916,88,98,10.0,88.0
1917,98,88,4.0,71.0
1918,88,172,5.0,66.0
1919,172,88,6.0,87.0
1920,89,426,5.0,71.0
1921,426,89,3.0,54.0
1922,89,479,4.0,59.0
1923,479,89,5.0,61.0
1924,89,384,3.0,90.0
1925,384,89,6.0,85.0
1926,89,276,2.0,59.0
1927,276,89,10.0,64.0
1928,89,365,8.0,85.0
1929,365,89,9.0,65.0
1930,90,242,4.0,80.0
1931,242,90,2.0,73.0
1932,90,162,6.0,93.0
1933,162,90,10.0,74.0
1934,90,189,0.0,77.0
1935,189,90,8.0,74.0
1936,90,190,0.0,75.0
1937,190,90,4.0,84.0
1938,90,210,2.0,96.0
1939,210,90,0.0,58.0
1940,90,131,4.0,79.0
1941,131,90,7.0,79.0
1942,90,169,2.0,68.0
1943,169,90,9.0,62.0
1944,90,436,5.0,78.0
1945,436,90,0.0,70.0
1946,90,100,4.0,58.0
1947,100,90,4.0,63.0
1948,90,216,6.0,97.0
1949,216,90,5.0,82.0
1950,90,340,8.0,63.0
1951,340,90,4.0,55.0
1952,90,146,4.0,67.0
1953,146,90,1.0,62.0
1954,90,186,1.0,80.0
1955,186,90,9.0,80.0
1956,90,405,7.0,57.0
1957,405,90,5.0,85.0
1958,91,224,9.0,93.0
1959,224,91,6.0,90.0
1960,91,179,5.0,55.0
1961,179,91,3.0,60.0
1962,91,226,5.0,74.0
1963,226,91,9.0,51.0
1964,91,92,10.0,100.0
1965,92,91,7.0,52.0
1966,91,206,5.0,77.0
1967,206,91,0.0,100.0
1968,91,108,7.0,57.0
1969,108,91,3.0,84.0
1970,91,402,0.0,64.0
1971,402,91,1.0,88.0
1972,91,374,6.0,56.0
1973,374,91,9.0,67.0
1974,92,108,1.0,55.0
1975,108,92,9.0,92.0
1976,92,497,6.0,71.0
1977,497,92,8.0,51.0
1978,92,298,10.0,97.0
1979,298,92,1.0,71.0
1980,92,206,2.0,57.0
1981,206,92,10.0,91.0
1982,92,226,4.0,84.0
1983,226,92,4.0,98.0
1984,93,109,5.0,51.0
1985,109,93,1.0,64.0
1986,93,493,7.0,53.0
1987,493,93,0.0,97.0
1988,93,143,5.0,62.0
1989,143,93,10.0,96.0
1990,93,168,0.0,57.0
1991,168,93,9.0,71.0
1992,93,472,7.0,55.0
1993,472,93,4.0,69.0
1994,93,135,8.0,71.0
1995,135,93,7.0,90.0
1996,93,232,1.0,62.0
1997,232,93,9.0,100.0
1998,93,344,10.0,71.0
1999,344,93,9.0,79.0
2000,93,398,5.0,75.0
2001,398,93,2.0,84.0
2002,94,230,3.0,72.0
2003,230,94,0.0,52.0
2004,94,411,5.0,82.0
2005,411,94,9.0,97.0
2006,96,198,9.0,81.0
2007,198,96,6.0,81.0
2008,96,132,3.0,91.0
2009,132,96,2.0,61.0
2010,96,112,9.0,50.0
2011,112,96,5.0,79.0
2012,96,316,2.0,100.0
2013,316,96,8.0,92.0
2014,96,270,8.0,71.0
2015,270,96,10.0,77.0
2016,96,195,10.0,54.0
2017,195,96,10.0,85.0
2018,97,107,0.0,68.0
2019,107,97,6.0,91.0
2020,98,357,4.0,51.0
2021,357,98,7.0,79.0
2022,98,105,5.0,89.0
2023,105,98,2.0,69.0
2024,98,133,10.0,51.0
2025,133,98,5.0,80.0
2026,98,271,7.0,85.0
2027,271,98,2.0,99.0
2028,98,354,1.0,73.0
2029,354,98,4.0,73.0
2030,98,172,1.0,50.0
2031,172,98,6.0,90.0
2032,100,146,3.0,99.0
2033,146,100,6.0,54.0
2034,100,216,9.0,60.0
2035,216,100,5.0,73.0
2036,100,436,10.0,100.0
2037,436,100,5.0,50.0
2038,101,165,2.0,62.0
2039,165,101,10.0,61.0
2040,101,111,1.0,83.0
2041,111,101,2.0,100.0
2042,102,295,7.0,60.0
2043,295,102,6.0,75.0
2044,102,478,9.0,78.0
2045,478,102,3.0,69.0
2046,102,110,7.0,84.0
2047,110,102,9.0,95.0
2048,102,380,10.0,50.0
2049,380,102,5.0,76.0
2050,102,125,2.0,87.0
2051,125,102,3.0,80.0
2052,102,313,2.0,96.0
2053,313,102,0.0,72.0
2054,102,155,10.0,76.0
2055,155,102,4.0,62.0
2056,102,137,7.0,60.0
2057,137,102,4.0,59.0
2058,102,265,3.0,64.0
2059,265,102,1.0,67.0
2060,103,223,6.0,52.0
2061,223,103,10.0,58.0
2062,103,252,1.0,80.0
2063,252,103,6.0,66.0
2064,103,156,8.0,82.0
2065,156,103,7.0,61.0
2066,104,339,3.0,83.0
2067,339,104,4.0,100.0
2068,104,151,3.0,84.0
2069,151,104,3.0,54.0
2070,104,447,1.0,53.0
2071,447,104,3.0,95.0
2072,104,130,3.0,100.0
2073,130,104,0.0,64.0
2074,105,496,9.0,96.0
2075,496,105,4.0,75.0
2076,105,148,6.0,74.0
2077,148,105,3.0,61.0
2078,105,364,3.0,72.0
2079,364,105,3.0,69.0
2080,105,133,0.0,71.0
2081,133,105,7.0,85.0
2082,105,357,9.0,61.0
2083,357,105,4.0,62.0
2084,106,124,6.0,58.0
2085,124,106,9.0,60.0
2086,108,206,10.0,75.0
2087,206,108,10.0,53.0
2088,108,414,2.0,73.0
2089,414,108,3.0,100.0
2090,108,363,7.0,58.0
2091,363,108,4.0,75.0
2092,108,298,4.0,97.0
2093,298,108,3.0,89.0
2094,108,497,8.0,96.0
2095,497,108,4.0,54.0
2096,109,302,2.0,74.0
2097,302,109,9.0,51.0
2098,109,399,5.0,66.0
2099,399,109,9.0,58.0
2100,109,147,2.0,99.0
2101,147,109,5.0,74.0
2102,109,143,7.0,57.0
2103,143,109,10.0,83.0
2104,109,493,8.0,79.0
2105,493,109,3.0,95.0
2106,110,478,1.0,50.0
2107,478,110,2.0,54.0
2108,110,295,8.0,90.0
2109,295,110,10.0,65.0
2110,110,301,0.0,58.0
2111,301,110,5.0,68.0
2112,110,474,9.0,66.0
2113,474,110,8.0,99.0
2114,110,347,0.0,72.0
2115,347,110,6.0,64.0
2116,110,150,0.0,94.0
2117,150,110,2.0,99.0
2118,110,386,9.0,96.0
2119,386,110,0.0,84.0
2120,112,132,7.0,98.0
2121,132,112,10.0,75.0
2122,112,177,5.0,93.0
2123,177,112,0.0,53.0
2124,112,236,9.0,69.0
2125,236,112,4.0,84.0
2126,112,270,0.0,86.0
2127,270,112,9.0,77.0
2128,112,316,1.0,83.0
2129,316,112,7.0,75.0
2130,113,409,0.0,59.0
2131,409,113,2.0,65.0
2132,113,256,9.0,55.0
2133,256,113,6.0,76.0
2134,113,393,7.0,71.0
2135,393,113,7.0,85.0
2136,113,174,5.0,61.0
2137,174,113,3.0,80.0
2138,113,262,7.0,50.0
2139,262,113,10.0,73.0
2140,113,227,4.0,53.0
2141,227,113,3.0,56.0
2142,113,142,4.0,60.0
2143,142,113,5.0,69.0
2144,114,191,1.0,70.0
2145,191,114,6.0,60.0
2146,114,159,7.0,56.0
2147,159,114,10.0,64.0
2148,115,255,1.0,99.0
2149,255,115,0.0,94.0
2150,115,388,4.0,61.0
2151,388,115,8.0,77.0
2152,115,435,2.0,98.0
2153,435,115,6.0,88.0
2154,116,289,6.0,76.0
2155,289,116,0.0,71.0
2156,117,209,4.0,72.0
2157,209,117,3.0,51.0
2158,117,234,8.0,85.0
2159,234,117,8.0,88.0
2160,117,342,9.0,74.0
2161,342,117,6.0,55.0
2162,117,305,2.0,99.0
2163,305,117,0.0,67.0
2164,118,449,6.0,84.0
2165,449,118,1.0,89.0
2166,118,318,7.0,50.0
2167,318,118,4.0,94.0
2168,118,164,2.0,54.0
2169,164,118,10.0,93.0
2170,118,315,3.0,53.0
2171,315,118,10.0,91.0
2172,118,184,8.0,95.0
2173,184,118,10.0,88.0
2174,118,235,7.0,78.0
2175,235,118,3.0,69.0
2176,119,432,6.0,80.0
2177,432,119,10.0,79.0
2178,119,175,6.0,93.0
2179,175,119,3.0,68.0
2180,120,121,6.0,55.0
2181,121,120,7.0,86.0
2182,120,153,2.0,98.0
2183,153,120,2.0,55.0
2184,120,324,8.0,72.0
2185,324,120,4.0,69.0
2186,120,352,1.0,90.0
2187,352,120,2.0,73.0
2188,120,212,7.0,88.0
2189,212,120,2.0,82.0
2190,121,477,9.0,62.0
2191,477,121,3.0,88.0
2192,121,410,0.0,96.0
2193,410,121,2.0,70.0
2194,121,300,1.0,81.0
2195,300,121,0.0,66.0
2196,121,153,8.0,100.0
2197,153,121,7.0,97.0
2198,122,280,5.0,67.0
2199,280,122,6.0,100.0
2200,122,353,2.0,63.0
2201,353,122,9.0,82.0
2202,122,425,9.0,70.0
2203,425,122,4.0,96.0
2204,124,199,6.0,90.0
2205,199,124,5.0,90.0
2206,125,380,0.0,66.0
2207,380,125,2.0,79.0
2208,126,201,1.0,70.0
2209,201,126,3.0,84.0
2210,126,278,9.0,90.0
2211,278,126,5.0,57.0
2212,126,419,0.0,64.0
2213,419,126,3.0,70.0
2214,126,308,9.0,93.0
2215,308,126,4.0,61.0
2216,126,408,5.0,80.0
2217,408,126,2.0,81.0
2218,126,317,7.0,100.0
2219,317,126,1.0,91.0
2220,126,336,9.0,73.0
2221,336,126,8.0,81.0
2222,126,392,4.0,95.0
2223,392,126,4.0,99.0
2224,126,272,8.0,61.0
2225,272,126,5.0,85.0
2226,128,381,10.0,96.0
2227,381,128,1.0,83.0
2228,128,229,9.0,80.0
2229,229,128,2.0,92.0
2230,129,203,8.0,92.0
2231,203,129,2.0,89.0
2232,129,319,8.0,89.0
2233,319,129,5.0,88.0
2234,129,188,0.0,74.0
2235,188,129,4.0,58.0
2236,129,434,3.0,75.0
2237,434,129,2.0,75.0
2238,129,182,0.0,88.0
2239,182,129,2.0,68.0
2240,129,372,0.0,79.0
2241,372,129,2.0,57.0
2242,129,404,10.0,66.0
2243,404,129,4.0,66.0
2244,130,249,4.0,73.0
2245,249,130,1.0,95.0
2246,130,183,2.0,80.0
2247,183,130,10.0,50.0
2248,130,170,2.0,58.0
2249,170,130,2.0,70.0
2250,130,173,3.0,95.0
2251,173,130,4.0,79.0
2252,130,427,10.0,81.0
2253,427,130,2.0,79.0
2254,131,210,9.0,84.0
2255,210,131,1.0,58.0
2256,131,453,8.0,67.0
2257,453,131,8.0,89.0
2258,131,338,5.0,97.0
2259,338,131,8.0,68.0
2260,131,190,2.0,68.0
2261,190,131,1.0,68.0
2262,131,189,0.0,59.0
2263,189,131,4.0,86.0
2264,131,162,1.0,90.0
2265,162,131,9.0,93.0
2266,131,220,8.0,91.0
2267,220,131,5.0,100.0
2268,131,219,6.0,69.0
2269,219,131,2.0,98.0
2270,134,238,4.0,96.0
2271,238,134,2.0,52.0
2272,134,231,0.0,70.0
2273,231,134,2.0,58.0
2274,134,495,6.0,88.0
2275,495,134,9.0,81.0
2276,134,158,4.0,89.0
2277,158,134,8.0,68.0
2278,134,161,1.0,100.0
2279,161,134,6.0,91.0
2280,135,472,10.0,75.0
2281,472,135,8.0,58.0
2282,135,168,0.0,66.0
2283,168,135,10.0,68.0
2284,135,204,5.0,74.0
2285,204,135,6.0,77.0
2286,137,155,10.0,95.0
2287,155,137,3.0,83.0
2288,137,360,6.0,87.0
2289,360,137,1.0,73.0
2290,137,178,0.0,73.0
2291,178,137,0.0,60.0
2292,137,138,0.0,59.0
2293,138,137,2.0,61.0
2294,137,166,9.0,60.0
2295,166,137,7.0,54.0
2296,137,464,6.0,68.0
2297,464,137,3.0,96.0
2298,137,265,8.0,96.0
2299,265,137,7.0,91.0
2300,138,281,9.0,60.0
2301,281,138,0.0,98.0
2302,138,283,7.0,74.0
2303,283,138,7.0,84.0
2304,138,247,7.0,51.0
2305,247,138,5.0,53.0
2306,138,166,10.0,80.0
2307,166,138,1.0,54.0
2308,139,193,7.0,72.0
2309,193,139,5.0,64.0
2310,139,253,1.0,88.0
2311,253,139,7.0,61.0
2312,139,185,1.0,51.0
2313,185,139,10.0,52.0
2314,140,294,9.0,77.0
2315,294,140,9.0,67.0
2316,140,417,2.0,99.0
2317,417,140,4.0,76.0
2318,141,487,2.0,91.0
2319,487,141,8.0,94.0
2320,141,466,8.0,71.0
2321,466,141,3.0,89.0
2322,141,334,2.0,62.0
2323,334,141,8.0,94.0
2324,141,446,7.0,60.0
2325,446,141,2.0,62.0
2326,141,290,7.0,79.0
2327,290,141,5.0,95.0
2328,141,312,9.0,91.0
2329,312,141,6.0,88.0
2330,141,261,2.0,86.0
2331,261,141,10.0,96.0
2332,141,275,1.0,70.0
2333,275,141,0.0,73.0
2334,141,304,1.0,74.0
2335,304,141,3.0,84.0
2336,142,227,1.0,96.0
2337,227,142,9.0,73.0
2338,142,494,4.0,68.0
2339,494,142,7.0,93.0
2340,142,174,0.0,70.0
2341,174,142,5.0,89.0
2342,142,264,10.0,69.0
2343,264,142,9.0,80.0
2344,143,493,3.0,74.0
2345,493,143,4.0,94.0
2346,143,147,5.0,65.0
2347,147,143,6.0,73.0
2348,144,395,0.0,50.0
2349,395,144,6.0,75.0
2350,144,205,8.0,93.0
2351,205,144,5.0,92.0
2352,145,246,9.0,56.0
2353,246,145,4.0,69.0
2354,145,465,2.0,67.0
2355,465,145,2.0,92.0
2356,145,309,7.0,73.0
2357,309,145,10.0,100.0
2358,145,222,4.0,65.0
2359,222,145,1.0,92.0
2360,146,323,7.0,52.0
2361,323,146,3.0,89.0
2362,146,186,7.0,100.0
2363,186,146,1.0,67.0
2364,146,340,5.0,99.0
2365,340,146,8.0,54.0
2366,146,216,7.0,62.0
2367,216,146,5.0,92.0
2368,147,399,6.0,69.0
2369,399,147,1.0,63.0
2370,148,378,3.0,100.0
2371,378,148,5.0,78.0
2372,148,364,4.0,57.0
2373,364,148,7.0,67.0
2374,148,496,2.0,60.0
2375,496,148,8.0,91.0
2376,149,311,4.0,77.0
2377,311,149,10.0,62.0
2378,149,387,6.0,53.0
2379,387,149,0.0,79.0
2380,149,351,5.0,57.0
2381,351,149,6.0,74.0
2382,149,452,3.0,89.0
2383,452,149,5.0,86.0
2384,149,284,1.0,84.0
2385,284,149,9.0,90.0
2386,150,386,9.0,76.0
2387,386,150,10.0,69.0
2388,150,347,4.0,98.0
2389,347,150,7.0,65.0
2390,151,447,1.0,77.0
2391,447,151,4.0,87.0
2392,151,339,2.0,66.0
2393,339,151,9.0,59.0
2394,152,154,2.0,64.0
2395,154,152,0.0,69.0
2396,153,300,5.0,81.0
2397,300,153,5.0,80.0
2398,154,200,7.0,81.0
2399,200,154,8.0,67.0
2400,154,196,3.0,61.0
2401,196,154,5.0,53.0
2402,155,313,3.0,70.0
2403,313,155,2.0,54.0
2404,155,416,6.0,91.0
2405,416,155,10.0,90.0
2406,155,178,2.0,74.0
2407,178,155,4.0,70.0
2408,155,360,6.0,87.0
2409,360,155,2.0,99.0
2410,156,252,8.0,64.0
2411,252,156,0.0,59.0
2412,156,377,1.0,78.0
2413,377,156,5.0,85.0
2414,156,223,7.0,53.0
2415,223,156,3.0,63.0
2416,156,237,6.0,61.0
2417,237,156,8.0,90.0
2418,156,421,3.0,63.0
2419,421,156,10.0,100.0
2420,157,208,4.0,94.0
2421,208,157,3.0,54.0
2422,157,348,7.0,52.0
2423,348,157,4.0,50.0
2424,157,341,3.0,98.0
2425,341,157,8.0,97.0
2426,158,161,3.0,97.0
2427,161,158,3.0,56.0
2428,159,266,0.0,93.0
2429,266,159,9.0,73.0
2430,159,327,8.0,61.0
2431,327,159,5.0,78.0
2432,159,273,7.0,86.0
2433,273,159,0.0,77.0
2434,159,191,2.0,65.0
2435,191,159,5.0,50.0
2436,159,214,2.0,86.0
2437,214,159,10.0,52.0
2438,160,455,7.0,79.0
2439,455,160,3.0,65.0
2440,160,382,4.0,57.0
2441,382,160,4.0,99.0
2442,160,267,8.0,51.0
2443,267,160,9.0,69.0
2444,160,394,9.0,65.0
2445,394,160,8.0,59.0
2446,162,189,10.0,56.0
2447,189,162,8.0,74.0
2448,162,242,4.0,77.0
2449,242,162,3.0,61.0
2450,162,219,7.0,57.0
2451,219,162,3.0,54.0
2452,162,220,8.0,62.0
2453,220,162,9.0,67.0
2454,163,180,3.0,54.0
2455,180,163,0.0,69.0
2456,163,492,9.0,55.0
2457,492,163,5.0,85.0
2458,163,259,8.0,83.0
2459,259,163,2.0,51.0
2460,164,184,2.0,58.0
2461,184,164,6.0,85.0
2462,164,315,10.0,97.0
2463,315,164,0.0,70.0
2464,166,247,0.0,57.0
2465,247,166,4.0,80.0
2466,167,277,3.0,74.0
2467,277,167,7.0,58.0
2468,167,424,5.0,55.0
2469,424,167,10.0,80.0
2470,167,461,4.0,83.0
2471,461,167,10.0,71.0
2472,167,244,3.0,50.0
2473,244,167,7.0,100.0
2474,167,171,0.0,77.0
2475,171,167,2.0,96.0
2476,168,472,2.0,62.0
2477,472,168,5.0,64.0
2478,170,228,3.0,95.0
2479,228,170,4.0,59.0
2480,170,430,3.0,85.0
2481,430,170,1.0,93.0
2482,170,173,5.0,63.0
2483,173,170,9.0,76.0
2484,170,183,6.0,73.0
2485,183,170,7.0,91.0
2486,170,443,7.0,65.0
2487,443,170,8.0,92.0
2488,172,354,6.0,63.0
2489,354,172,3.0,52.0
2490,172,271,2.0,68.0
2491,271,172,5.0,82.0
2492,173,430,6.0,80.0
2493,430,173,3.0,55.0
2494,173,427,2.0,86.0
2495,427,173,0.0,51.0
2496,174,494,9.0,77.0
2497,494,174,3.0,74.0
2498,174,227,1.0,76.0
2499,227,174,10.0,99.0
2500,174,262,5.0,75.0
2501,262,174,2.0,97.0
2502,174,393,6.0,71.0
2503,393,174,1.0,74.0
2504,174,475,7.0,56.0
2505,475,174,8.0,95.0
2506,174,459,5.0,61.0
2507,459,174,2.0,89.0
2508,174,256,3.0,90.0
2509,256,174,8.0,82.0
2510,174,264,3.0,54.0
2511,264,174,5.0,74.0
2512,175,432,7.0,56.0
2513,432,175,3.0,50.0
2514,175,391,5.0,98.0
2515,391,175,5.0,77.0
2516,176,460,1.0,80.0
2517,460,176,2.0,90.0
2518,177,310,6.0,98.0
2519,310,177,2.0,84.0
2520,177,236,4.0,67.0
2521,236,177,5.0,78.0
2522,178,360,10.0,88.0
2523,360,178,0.0,55.0
2524,179,224,4.0,77.0
2525,224,179,6.0,69.0
2526,180,259,2.0,56.0
2527,259,180,2.0,78.0
2528,180,492,2.0,84.0
2529,492,180,7.0,50.0
2530,181,225,9.0,78.0
2531,225,181,6.0,75.0
2532,181,428,9.0,79.0
2533,428,181,10.0,51.0
2534,182,434,9.0,70.0
2535,434,182,7.0,75.0
2536,182,274,9.0,56.0
2537,274,182,4.0,67.0
2538,183,249,6.0,73.0
2539,249,183,9.0,72.0
2540,183,443,3.0,61.0
2541,443,183,8.0,60.0
2542,184,235,8.0,77.0
2543,235,184,4.0,57.0
2544,184,315,9.0,83.0
2545,315,184,1.0,61.0
2546,186,323,5.0,100.0
2547,323,186,4.0,100.0
2548,186,405,3.0,53.0
2549,405,186,9.0,96.0
2550,188,375,2.0,54.0
2551,375,188,9.0,63.0
2552,188,319,4.0,91.0
2553,319,188,3.0,60.0
2554,188,203,10.0,70.0
2555,203,188,10.0,50.0
2556,188,458,1.0,80.0
2557,458,188,10.0,67.0
2558,189,190,1.0,70.0
2559,190,189,2.0,96.0
2560,190,338,7.0,75.0
2561,338,190,3.0,52.0
2562,190,210,6.0,97.0
2563,210,190,0.0,68.0
2564,191,214,1.0,90.0
2565,214,191,3.0,57.0
2566,192,438,9.0,63.0
2567,438,192,8.0,62.0
2568,193,420,6.0,78.0
2569,420,193,3.0,93.0
2570,193,253,10.0,76.0
2571,253,193,1.0,74.0
2572,194,442,5.0,76.0
2573,442,194,3.0,59.0
2574,196,200,3.0,56.0
2575,200,196,8.0,80.0
2576,198,473,7.0,98.0
2577,473,198,9.0,100.0
2578,201,329,7.0,65.0
2579,329,201,3.0,85.0
2580,201,367,8.0,73.0
2581,367,201,8.0,84.0
2582,201,278,6.0,68.0
2583,278,201,3.0,96.0
2584,202,499,8.0,58.0
2585,499,202,2.0,61.0
2586,202,370,1.0,55.0
2587,370,202,1.0,75.0
2588,203,319,3.0,59.0
2589,319,203,10.0,62.0
2590,203,458,3.0,51.0
2591,458,203,1.0,94.0
2592,206,298,0.0,93.0
2593,298,206,5.0,89.0
2594,206,363,4.0,57.0
2595,363,206,6.0,92.0
2596,206,414,6.0,52.0
2597,414,206,3.0,63.0
2598,207,233,4.0,81.0
2599,233,207,1.0,90.0
2600,208,314,8.0,96.0
2601,314,208,9.0,95.0
2602,209,234,6.0,75.0
2603,234,209,5.0,57.0
2604,210,338,9.0,50.0
2605,338,210,0.0,86.0
2606,210,453,3.0,63.0
2607,453,210,8.0,83.0
2608,212,245,9.0,95.0
2609,245,212,0.0,73.0
2610,212,352,9.0,89.0
2611,352,212,4.0,72.0
2612,212,324,10.0,95.0
2613,324,212,1.0,73.0
2614,215,303,7.0,66.0
2615,303,215,1.0,93.0
2616,215,431,9.0,87.0
2617,431,215,9.0,73.0
2618,216,340,6.0,93.0
2619,340,216,1.0,83.0
2620,217,288,6.0,80.0
2621,288,217,8.0,79.0
2622,217,254,7.0,68.0
2623,254,217,2.0,72.0
2624,219,220,5.0,74.0
2625,220,219,4.0,50.0
2626,221,332,1.0,83.0
2627,332,221,8.0,73.0
2628,223,377,3.0,55.0
2629,377,223,4.0,96.0
2630,223,252,2.0,87.0
2631,252,223,8.0,53.0
2632,223,440,0.0,69.0
2633,440,223,6.0,72.0
2634,223,237,10.0,64.0
2635,237,223,8.0,63.0
2636,225,355,4.0,89.0
2637,355,225,9.0,50.0
2638,227,262,10.0,83.0
2639,262,227,0.0,100.0
2640,227,494,10.0,89.0
2641,494,227,5.0,81.0
2642,228,444,4.0,67.0
2643,444,228,0.0,69.0
2644,228,437,10.0,54.0
2645,437,228,10.0,52.0
2646,229,490,1.0,69.0
2647,490,229,9.0,84.0
2648,230,250,5.0,95.0
2649,250,230,2.0,86.0
2650,230,413,7.0,54.0
2651,413,230,5.0,75.0
2652,231,495,8.0,100.0
2653,495,231,8.0,56.0
2654,231,238,9.0,53.0
2655,238,231,9.0,54.0
2656,232,344,3.0,69.0
2657,344,232,7.0,57.0
2658,234,305,10.0,100.0
2659,305,234,4.0,62.0
2660,234,342,6.0,77.0
2661,342,234,0.0,61.0
2662,237,440,4.0,96.0
2663,440,237,8.0,84.0
2664,237,421,0.0,71.0
2665,421,237,8.0,77.0
2666,243,361,4.0,71.0
2667,361,243,0.0,73.0
2668,244,450,7.0,78.0
2669,450,244,10.0,97.0
2670,244,461,2.0,73.0
2671,461,244,6.0,62.0
2672,244,424,9.0,92.0
2673,424,244,9.0,82.0
2674,244,468,5.0,91.0
2675,468,244,9.0,74.0
2676,245,257,3.0,78.0
2677,257,245,4.0,99.0
2678,246,309,3.0,83.0
2679,309,246,10.0,97.0
2680,246,465,3.0,56.0
2681,465,246,10.0,95.0
2682,247,283,5.0,94.0
2683,283,247,9.0,80.0
2684,247,281,7.0,68.0
2685,281,247,10.0,72.0
2686,247,486,4.0,100.0
2687,486,247,8.0,99.0
2688,250,373,3.0,73.0
2689,373,250,10.0,80.0
2690,250,413,4.0,63.0
2691,413,250,8.0,93.0
2692,251,269,1.0,55.0
2693,269,251,0.0,81.0
2694,251,306,4.0,67.0
2695,306,251,1.0,63.0
2696,251,498,7.0,57.0
2697,498,251,1.0,55.0
2698,252,377,9.0,78.0
2699,377,252,0.0,61.0
2700,253,420,10.0,67.0
2701,420,253,6.0,64.0
2702,255,388,4.0,91.0
2703,388,255,6.0,97.0
2704,256,409,10.0,98.0
2705,409,256,8.0,65.0
2706,256,459,8.0,54.0
2707,459,256,9.0,100.0
2708,256,393,9.0,52.0
2709,393,256,2.0,86.0
2710,258,401,3.0,60.0
2711,401,258,1.0,58.0
2712,258,291,3.0,80.0
2713,291,258,6.0,95.0
2714,259,492,3.0,58.0
2715,492,259,9.0,98.0
2716,261,312,0.0,63.0
2717,312,261,5.0,75.0
2718,261,290,6.0,100.0
2719,290,261,5.0,62.0
2720,261,263,7.0,98.0
2721,263,261,9.0,60.0
2722,261,337,4.0,78.0
2723,337,261,9.0,58.0
2724,261,445,4.0,73.0
2725,445,261,6.0,89.0
2726,261,275,5.0,79.0
2727,275,261,5.0,84.0
2728,265,464,0.0,95.0
2729,464,265,0.0,64.0
2730,266,358,9.0,89.0
2731,358,266,0.0,90.0
2732,266,296,3.0,55.0
2733,296,266,4.0,50.0
2734,266,273,4.0,60.0
2735,273,266,7.0,65.0
2736,266,327,3.0,88.0
2737,327,266,7.0,66.0
2738,267,382,6.0,90.0
2739,382,267,9.0,83.0
2740,267,321,4.0,60.0
2741,321,267,7.0,89.0
2742,267,282,10.0,53.0
2743,282,267,10.0,82.0
2744,267,287,0.0,70.0
2745,287,267,8.0,65.0
2746,269,306,2.0,61.0
2747,306,269,8.0,74.0
2748,270,316,3.0,75.0
2749,316,270,5.0,52.0
2750,271,354,6.0,57.0
2751,354,271,8.0,73.0
2752,273,327,2.0,57.0
2753,327,273,10.0,51.0
2754,273,296,8.0,91.0
2755,296,273,8.0,77.0
2756,273,390,4.0,100.0
2757,390,273,4.0,57.0
2758,275,304,4.0,70.0
2759,304,275,9.0,65.0
2760,275,445,2.0,52.0
2761,445,275,5.0,57.0
2762,275,337,4.0,70.0
2763,337,275,5.0,78.0
2764,276,365,2.0,58.0
2765,365,276,9.0,84.0
2766,277,325,1.0,76.0
2767,325,277,5.0,80.0
2768,277,322,1.0,67.0
2769,322,277,3.0,74.0
2770,277,469,5.0,68.0
2771,469,277,5.0,69.0
2772,277,397,4.0,89.0
2773,397,277,9.0,93.0
2774,278,308,0.0,88.0
2775,308,278,9.0,64.0
2776,278,419,8.0,51.0
2777,419,278,1.0,85.0
2778,278,367,8.0,79.0
2779,367,278,8.0,89.0
2780,278,470,3.0,89.0
2781,470,278,9.0,54.0
2782,279,299,10.0,67.0
2783,299,279,10.0,51.0
2784,279,467,3.0,70.0
2785,467,279,7.0,88.0
2786,280,353,2.0,68.0
2787,353,280,3.0,83.0
2788,281,486,1.0,80.0
2789,486,281,3.0,75.0
2790,281,283,7.0,71.0
2791,283,281,3.0,92.0
2792,282,412,6.0,58.0
2793,412,282,7.0,83.0
2794,282,287,7.0,78.0
2795,287,282,8.0,96.0
2796,282,321,9.0,77.0
2797,321,282,0.0,96.0
2798,284,452,9.0,91.0
2799,452,284,8.0,97.0
2800,284,351,0.0,94.0
2801,351,284,9.0,62.0
2802,284,311,8.0,58.0
2803,311,284,3.0,72.0
2804,284,488,0.0,76.0
2805,488,284,7.0,74.0
2806,287,412,6.0,81.0
2807,412,287,6.0,98.0
2808,290,312,10.0,56.0
2809,312,290,4.0,90.0
2810,290,446,0.0,63.0
2811,446,290,7.0,93.0
2812,290,334,5.0,75.0
2813,334,290,5.0,81.0
2814,291,371,2.0,70.0
2815,371,291,7.0,65.0
2816,291,328,6.0,91.0
2817,328,291,4.0,80.0
2818,292,457,0.0,54.0
2819,457,292,4.0,66.0
2820,293,456,4.0,89.0
2821,456,293,2.0,80.0
2822,295,478,6.0,96.0
2823,478,295,3.0,97.0
2824,295,301,3.0,85.0
2825,301,295,1.0,90.0
2826,296,358,2.0,50.0
2827,358,296,6.0,64.0
2828,296,491,8.0,62.0
2829,491,296,5.0,68.0
2830,296,390,7.0,92.0
2831,390,296,1.0,89.0
2832,297,441,5.0,94.0
2833,441,297,0.0,93.0
2834,298,497,3.0,93.0
2835,497,298,2.0,51.0
2836,298,363,5.0,98.0
2837,363,298,8.0,100.0
2838,300,410,7.0,93.0
2839,410,300,2.0,95.0
2840,303,379,9.0,60.0
2841,379,303,9.0,73.0
2842,303,418,0.0,62.0
2843,418,303,10.0,55.0
2844,305,342,8.0,68.0
2845,342,305,4.0,69.0
2846,307,335,7.0,90.0
2847,335,307,5.0,76.0
2848,307,333,0.0,99.0
2849,333,307,0.0,82.0
2850,308,408,8.0,84.0
2851,408,308,8.0,69.0
2852,308,419,5.0,87.0
2853,419,308,3.0,97.0
2854,309,465,1.0,91.0
2855,465,309,8.0,56.0
2856,311,351,1.0,52.0
2857,351,311,6.0,63.0
2858,311,387,10.0,64.0
2859,387,311,8.0,62.0
2860,311,488,0.0,66.0
2861,488,311,8.0,100.0
2862,313,416,4.0,96.0
2863,416,313,3.0,63.0
2864,317,482,2.0,53.0
2865,482,317,8.0,86.0
2866,317,336,0.0,92.0
2867,336,317,10.0,95.0
2868,318,449,4.0,90.0
2869,449,318,7.0,100.0
2870,320,349,4.0,72.0
2871,349,320,10.0,50.0
2872,320,406,6.0,67.0
2873,406,320,6.0,99.0
2874,322,325,3.0,65.0
2875,325,322,2.0,85.0
2876,322,397,10.0,55.0
2877,397,322,6.0,68.0
2878,322,469,9.0,68.0
2879,469,322,2.0,69.0
2880,324,352,0.0,62.0
2881,352,324,0.0,73.0
2882,326,422,6.0,90.0
2883,422,326,0.0,90.0
2884,328,371,3.0,68.0
2885,371,328,5.0,60.0
2886,332,429,3.0,50.0
2887,429,332,9.0,88.0
2888,334,446,0.0,59.0
2889,446,334,3.0,66.0
2890,334,466,9.0,84.0
2891,466,334,7.0,93.0
2892,336,482,4.0,60.0
2893,482,336,0.0,61.0
2894,336,433,0.0,71.0
2895,433,336,2.0,73.0
2896,336,392,0.0,73.0
2897,392,336,6.0,53.0
2898,337,445,9.0,61.0
2899,445,337,6.0,69.0
2900,338,453,10.0,89.0
2901,453,338,1.0,69.0
2902,341,348,2.0,93.0
2903,348,341,3.0,90.0
2904,343,448,9.0,72.0
2905,448,343,5.0,91.0
2906,343,423,7.0,72.0
2907,423,343,10.0,54.0
2908,343,368,2.0,98.0
2909,368,343,7.0,79.0
2910,344,398,3.0,62.0
2911,398,344,9.0,79.0
2912,346,385,3.0,56.0
2913,385,346,10.0,91.0
2914,347,474,5.0,82.0
2915,474,347,5.0,87.0
2916,349,406,9.0,93.0
2917,406,349,2.0,75.0
2918,351,452,6.0,64.0
2919,452,351,1.0,95.0
2920,351,387,8.0,65.0
2921,387,351,9.0,62.0
2922,353,425,6.0,74.0
2923,425,353,7.0,76.0
2924,355,403,2.0,68.0
2925,403,355,3.0,90.0
2926,356,359,3.0,78.0
2927,359,356,8.0,50.0
2928,356,476,2.0,72.0
2929,476,356,3.0,53.0
2930,358,491,5.0,90.0
2931,491,358,2.0,64.0
2932,359,476,4.0,81.0
2933,476,359,4.0,70.0
2934,363,414,3.0,91.0
2935,414,363,6.0,63.0
2936,364,378,0.0,68.0
2937,378,364,3.0,68.0
2938,367,470,5.0,90.0
2939,470,367,8.0,74.0
2940,369,463,0.0,78.0
2941,463,369,4.0,79.0
2942,370,499,0.0,89.0
2943,499,370,5.0,70.0
2944,372,404,6.0,74.0
2945,404,372,0.0,81.0
2946,374,402,10.0,78.0
2947,402,374,7.0,62.0
2948,374,439,8.0,61.0
2949,439,374,3.0,98.0
2950,379,418,7.0,93.0
2951,418,379,9.0,59.0
2952,382,455,1.0,71.0
2953,455,382,5.0,87.0
2954,383,489,4.0,92.0
2955,489,383,10.0,93.0
2956,384,479,7.0,57.0
2957,479,384,7.0,68.0
2958,388,435,3.0,80.0
2959,435,388,10.0,81.0
2960,392,433,10.0,54.0
2961,433,392,3.0,54.0
2962,393,459,8.0,75.0
2963,459,393,7.0,96.0
2964,393,475,0.0,77.0
2965,475,393,8.0,62.0
2966,396,484,8.0,68.0
2967,484,396,8.0,53.0
2968,397,469,10.0,65.0
2969,469,397,10.0,75.0
2970,402,439,10.0,81.0
2971,439,402,3.0,73.0
2972,403,407,9.0,83.0
2973,407,403,2.0,63.0
2974,423,448,6.0,100.0
2975,448,423,5.0,92.0
2976,424,461,6.0,88.0
2977,461,424,0.0,91.0
2978,424,468,10.0,64.0
2979,468,424,3.0,88.0
2980,437,444,1.0,79.0
2981,444,437,0.0,82.0
2982,459,475,0.0,74.0
2983,475,459,3.0,90.0
2984,466,487,0.0,56.0
2985,487,466,5.0,96.0
